date;time;user;nice;system;idle;iowait;irq;softirq
2022-10-29;17:16:32;0.0;0.0;1.0;99.0;0.0;0.0;0.0
2022-10-29;17:16:33;0.0;0.0;0.0;99.5;0.0;0.0;0.5
2022-10-29;17:16:34;5.4;0.0;5.9;87.7;0.0;0.5;0.5
2022-10-29;17:16:35;0.5;0.0;4.5;94.0;0.0;0.5;0.5
2022-10-29;17:16:36;0.0;0.0;5.0;94.1;0.0;0.5;0.5
2022-10-29;17:16:37;0.5;0.0;3.6;95.4;0.0;0.0;0.5
2022-10-29;17:16:38;0.0;0.0;4.5;94.5;0.0;0.5;0.5
2022-10-29;17:16:39;0.5;0.0;3.0;95.5;0.0;0.5;0.5
2022-10-29;17:16:40;0.0;0.0;4.5;94.4;0.0;0.5;0.5
2022-10-29;17:16:41;0.0;0.0;3.0;95.9;0.0;0.5;0.5
2022-10-29;17:16:42;0.5;0.0;4.5;93.9;0.0;0.5;0.5
2022-10-29;17:16:43;1.0;0.5;3.0;94.4;0.0;0.5;0.5
2022-10-29;17:16:44;0.0;0.0;3.5;95.5;0.0;0.5;0.5
2022-10-29;17:16:45;0.0;0.0;2.6;96.4;0.0;0.5;0.5
2022-10-29;17:16:46;0.5;0.0;5.9;93.1;0.0;0.0;0.5
2022-10-29;17:16:47;0.0;0.0;3.0;95.9;0.0;0.5;0.5
2022-10-29;17:16:48;0.5;0.0;5.4;93.1;0.0;0.5;0.5
2022-10-29;17:16:49;0.0;0.0;2.0;97.0;0.0;0.5;0.5
2022-10-29;17:16:50;0.0;0.0;5.5;93.5;0.0;0.5;0.5
2022-10-29;17:16:51;0.0;0.0;3.0;95.9;0.0;0.5;0.5
2022-10-29;17:16:52;1.5;0.0;4.9;92.6;0.0;0.5;0.5
2022-10-29;17:16:53;0.5;0.0;2.5;96.0;0.0;0.5;0.5
2022-10-29;17:16:54;4.6;0.0;7.6;86.3;0.0;0.5;1.0
2022-10-29;17:16:55;4.0;0.0;6.0;89.0;0.0;0.5;0.5
2022-10-29;17:16:56;3.6;0.0;11.9;80.9;0.0;1.0;2.6
2022-10-29;17:16:57;1.5;0.0;6.5;89.9;0.0;1.0;1.0
2022-10-29;17:16:58;0.0;0.0;7.6;91.4;0.0;0.5;0.5
2022-10-29;17:16:59;1.0;0.0;6.0;91.5;0.0;0.5;1.0
2022-10-29;17:17:00;1.0;0.0;5.1;92.3;0.0;0.5;1.0
2022-10-29;17:17:01;1.5;0.0;5.5;91.5;0.0;1.0;0.5
2022-10-29;17:17:02;0.5;0.0;5.6;92.9;0.0;0.5;0.5
2022-10-29;17:17:03;1.0;0.0;10.1;86.4;0.0;1.0;1.5
2022-10-29;17:17:04;1.5;0.0;9.0;86.5;0.0;1.5;1.5
2022-10-29;17:17:05;1.5;0.0;9.2;87.2;0.0;1.0;1.0
2022-10-29;17:17:06;10.3;0.0;14.4;73.8;0.0;0.5;1.0
2022-10-29;17:17:07;2.0;0.0;7.8;88.2;0.0;1.0;1.0
2022-10-29;17:17:08;1.0;0.0;12.2;84.3;0.0;1.0;1.5
2022-10-29;17:17:09;0.5;0.0;8.1;89.4;0.0;1.0;1.0
2022-10-29;17:17:10;1.0;0.0;9.7;86.7;0.0;1.0;1.5
2022-10-29;17:17:11;1.5;0.0;12.6;83.5;0.0;1.0;1.5
2022-10-29;17:17:12;1.0;0.5;6.6;90.4;0.0;0.5;1.0
2022-10-29;17:17:13;5.2;1.0;14.9;76.8;0.0;1.0;1.0
2022-10-29;17:17:14;1.0;0.0;10.1;86.4;0.0;1.0;1.5
2022-10-29;17:17:15;2.1;0.0;10.9;83.4;0.0;1.6;2.1
2022-10-29;17:17:16;1.0;0.0;4.1;93.3;0.0;0.5;1.0
2022-10-29;17:17:17;0.0;0.0;6.1;92.9;0.0;0.5;0.5
2022-10-29;17:17:18;2.0;0.0;14.3;80.8;0.0;1.5;1.5
2022-10-29;17:17:19;0.0;0.0;5.6;92.9;0.0;0.5;1.0
2022-10-29;17:17:20;0.5;0.0;7.5;90.5;0.0;1.0;0.5
2022-10-29;17:17:21;1.0;0.0;3.5;93.9;0.0;0.5;1.0
2022-10-29;17:17:22;0.0;0.0;3.6;95.4;0.0;0.5;0.5
2022-10-29;17:17:23;0.0;0.0;3.1;95.9;0.0;0.5;0.5
2022-10-29;17:17:24;0.5;0.0;6.4;92.2;0.0;0.5;0.5
2022-10-29;17:17:25;0.5;0.0;2.6;95.9;0.0;0.5;0.5
2022-10-29;17:17:26;0.5;0.0;2.0;96.4;0.0;0.5;0.5
2022-10-29;17:17:27;1.0;0.0;1.5;96.9;0.0;0.0;0.5
2022-10-29;17:17:28;0.5;0.0;2.0;96.4;0.0;0.5;0.5
2022-10-29;17:17:29;0.0;0.0;5.0;94.0;0.0;0.5;0.5
2022-10-29;17:17:30;0.5;0.0;6.5;91.0;0.0;1.0;1.0
2022-10-29;17:17:31;0.5;0.0;1.6;97.4;0.0;0.0;0.5
2022-10-29;17:17:32;0.0;0.0;3.5;95.5;0.0;0.5;0.5
2022-10-29;17:17:33;1.0;0.0;3.0;94.9;0.0;0.5;0.5
2022-10-29;17:17:34;0.0;0.0;2.6;96.4;0.0;0.5;0.5
2022-10-29;17:17:35;0.5;0.0;4.0;93.9;0.0;0.5;1.0
2022-10-29;17:17:36;2.0;0.0;5.0;91.5;0.0;1.0;0.5
2022-10-29;17:17:37;1.0;0.0;7.7;89.2;0.0;0.5;1.5
2022-10-29;17:17:38;0.5;0.0;4.6;93.4;0.0;1.0;0.5
2022-10-29;17:17:39;0.5;0.0;4.6;93.3;0.0;0.5;1.0
2022-10-29;17:17:40;0.0;0.0;8.8;88.7;0.0;1.0;1.5
2022-10-29;17:17:41;1.5;0.0;15.9;79.6;0.0;1.0;2.0
2022-10-29;17:17:42;3.5;1.5;13.1;78.9;0.0;1.5;1.5
2022-10-29;17:17:43;3.5;1.0;12.0;80.0;0.0;1.5;2.0
2022-10-29;17:17:44;1.0;0.0;11.5;85.0;0.0;1.0;1.5
2022-10-29;17:17:45;0.5;0.0;10.1;87.9;0.0;0.5;1.0
2022-10-29;17:17:46;0.5;0.0;7.6;89.4;0.0;1.0;1.5
2022-10-29;17:17:47;0.5;0.0;7.0;91.5;0.0;0.5;0.5
2022-10-29;17:17:48;0.5;0.0;8.5;89.1;0.0;1.0;1.0
2022-10-29;17:17:49;1.5;0.0;9.1;86.8;0.0;1.0;1.5
2022-10-29;17:17:50;3.0;0.0;16.3;77.3;0.0;1.5;2.0
2022-10-29;17:17:51;0.5;0.0;11.6;85.4;0.0;1.0;1.5
2022-10-29;17:17:52;0.0;0.0;4.6;93.3;0.0;1.0;1.0
2022-10-29;17:17:53;0.0;0.0;7.6;91.4;0.0;0.5;0.5
2022-10-29;17:17:54;0.5;0.0;2.6;95.9;0.0;0.5;0.5
2022-10-29;17:17:55;1.5;0.0;4.5;93.0;0.0;0.5;0.5
2022-10-29;17:17:56;1.5;0.0;4.5;92.6;0.0;0.5;1.0
2022-10-29;17:17:57;0.0;0.0;2.1;96.9;0.0;0.5;0.5
2022-10-29;17:17:58;0.5;0.0;8.3;89.1;0.0;1.0;1.0
2022-10-29;17:17:59;2.1;0.0;10.4;84.5;0.0;1.0;2.1
2022-10-29;17:18:00;2.0;0.0;11.8;83.8;0.0;1.0;1.5
2022-10-29;17:18:01;1.0;0.0;9.0;87.9;0.0;1.0;1.0
2022-10-29;17:18:02;0.5;0.0;7.7;89.8;0.0;1.0;1.0
2022-10-29;17:18:03;2.0;0.0;11.2;84.2;0.0;1.0;1.5
2022-10-29;17:18:04;0.5;0.0;3.6;94.4;0.0;0.5;1.0
2022-10-29;17:18:05;0.0;0.0;2.6;95.9;0.0;1.0;0.5
2022-10-29;17:18:06;1.0;0.0;3.5;94.9;0.0;0.0;0.5
2022-10-29;17:18:07;1.0;0.0;6.3;91.7;0.0;0.5;0.5
2022-10-29;17:18:08;1.0;0.0;15.1;80.4;0.0;1.5;2.0
2022-10-29;17:18:09;0.5;0.0;7.7;90.3;0.0;0.5;1.0
2022-10-29;17:18:10;2.0;0.0;5.6;90.4;0.0;1.0;1.0
2022-10-29;17:18:11;0.5;0.0;13.3;83.7;0.0;1.0;1.5
2022-10-29;17:18:12;1.0;1.5;4.1;91.9;0.0;0.5;1.0
2022-10-29;17:18:13;2.5;0.0;6.0;90.0;0.0;1.0;0.5
2022-10-29;17:18:14;1.5;0.0;15.5;80.5;0.0;1.0;1.5
2022-10-29;17:18:15;1.6;0.0;13.0;81.9;0.0;1.6;2.1
2022-10-29;17:18:16;2.0;0.0;6.0;89.4;0.0;1.0;1.5
2022-10-29;17:18:17;0.5;0.0;5.1;93.4;0.0;0.5;0.5
2022-10-29;17:18:18;1.0;0.0;2.0;95.9;0.0;0.5;0.5
2022-10-29;17:18:19;0.0;0.0;2.1;96.9;0.0;0.5;0.5
2022-10-29;17:18:20;0.0;0.0;5.0;94.0;0.0;0.5;0.5
2022-10-29;17:18:21;0.5;0.0;3.1;94.8;0.0;0.5;1.0
2022-10-29;17:18:22;0.5;0.0;7.5;91.0;0.0;0.5;0.5
2022-10-29;17:18:23;1.0;0.0;10.6;85.4;0.0;1.5;1.5
2022-10-29;17:18:24;1.5;0.0;11.3;84.8;0.0;1.0;1.5
2022-10-29;17:18:25;0.0;0.0;6.1;92.9;0.0;0.5;0.5
2022-10-29;17:18:26;1.0;0.0;5.6;91.9;0.0;0.5;1.0
2022-10-29;17:18:27;1.0;0.0;12.0;84.5;0.0;1.0;1.5
2022-10-29;17:18:28;0.5;0.0;4.5;93.5;0.0;0.5;1.0
2022-10-29;17:18:29;0.5;0.0;1.0;97.4;0.0;0.5;0.5
2022-10-29;17:18:30;0.5;0.0;4.0;94.5;0.0;0.5;0.5
2022-10-29;17:18:31;0.0;0.0;5.0;94.0;0.0;0.5;0.5
2022-10-29;17:18:32;2.0;0.0;14.4;80.7;0.0;1.5;1.5
2022-10-29;17:18:33;3.4;0.0;12.3;81.9;0.0;1.0;1.5
2022-10-29;17:18:34;2.5;0.0;10.1;84.4;0.0;1.0;2.0
2022-10-29;17:18:35;2.5;0.0;16.2;77.7;0.0;1.5;2.0
2022-10-29;17:18:36;2.0;0.0;9.5;86.0;0.0;1.0;1.5
2022-10-29;17:18:37;0.0;0.0;2.6;96.4;0.0;0.5;0.5
2022-10-29;17:18:38;0.0;0.0;2.1;97.4;0.0;0.0;0.5
2022-10-29;17:18:39;0.5;0.0;4.5;94.0;0.0;0.5;0.5
2022-10-29;17:18:40;0.5;0.0;3.5;94.9;0.0;0.5;0.5
2022-10-29;17:18:41;1.0;0.0;6.6;90.8;0.0;0.5;1.0
2022-10-29;17:18:42;3.0;1.0;9.1;83.8;0.0;1.5;1.5
2022-10-29;17:18:43;1.0;0.0;11.6;84.9;0.0;1.0;1.5
2022-10-29;17:18:44;1.0;0.0;13.7;82.9;0.0;1.0;1.5
2022-10-29;17:18:45;0.5;0.0;5.6;92.4;0.0;1.0;0.5
2022-10-29;17:18:46;0.5;0.0;3.6;94.3;0.0;0.5;1.0
2022-10-29;17:18:47;0.5;0.0;7.9;88.9;0.0;1.1;1.6
2022-10-29;17:18:48;1.5;0.0;13.3;82.1;0.0;1.5;1.5
2022-10-29;17:18:49;0.5;0.0;9.3;87.6;0.0;1.0;1.6
2022-10-29;17:18:50;0.5;0.0;9.1;87.8;0.0;1.0;1.5
2022-10-29;17:18:51;2.1;0.0;11.9;83.0;0.0;1.0;2.1
2022-10-29;17:18:52;2.0;0.0;13.3;81.1;0.0;1.5;2.0
2022-10-29;17:18:53;1.5;0.0;13.5;82.0;0.0;1.5;1.5
2022-10-29;17:18:54;1.0;0.0;6.5;91.0;0.0;0.5;1.0
2022-10-29;17:18:55;0.0;0.0;9.2;88.8;0.0;1.0;1.0
2022-10-29;17:18:56;0.0;0.0;6.5;92.0;0.0;0.5;1.0
2022-10-29;17:18:57;0.5;0.0;3.0;95.4;0.0;0.5;0.5
2022-10-29;17:18:58;0.0;0.0;2.1;96.9;0.0;0.5;0.5
2022-10-29;17:18:59;0.0;0.0;1.5;97.4;0.0;0.5;0.5
2022-10-29;17:19:00;1.0;0.0;5.6;92.3;0.0;0.5;0.5
2022-10-29;17:19:01;1.5;0.0;10.2;85.3;0.0;1.5;1.5
2022-10-29;17:19:02;2.0;0.0;13.6;81.4;0.0;1.0;2.0
2022-10-29;17:19:03;0.5;0.0;12.2;84.7;0.0;1.0;1.5
2022-10-29;17:19:04;1.0;0.0;8.6;87.9;0.0;1.0;1.5
2022-10-29;17:19:05;1.0;0.0;8.6;87.8;0.0;1.0;1.5
2022-10-29;17:19:06;3.0;0.0;11.7;82.2;0.0;1.5;1.5
2022-10-29;17:19:07;0.5;0.0;11.6;84.8;0.0;1.0;2.0
2022-10-29;17:19:08;2.0;0.0;17.9;76.0;0.0;1.5;2.6
2022-10-29;17:19:09;1.5;0.0;6.7;89.7;0.0;1.0;1.0
2022-10-29;17:19:10;1.5;0.0;6.3;91.2;0.0;0.5;0.5
2022-10-29;17:19:11;0.0;0.0;3.0;95.5;0.0;0.5;1.0
2022-10-29;17:19:12;1.0;1.5;4.5;91.9;0.0;0.5;0.5
2022-10-29;17:19:13;0.5;0.0;2.5;95.9;0.0;0.5;0.5
2022-10-29;17:19:14;1.0;0.0;9.2;87.2;0.0;1.0;1.5
2022-10-29;17:19:15;1.6;0.0;13.0;82.8;0.0;1.0;1.6
2022-10-29;17:19:16;1.0;0.0;6.0;91.5;0.0;0.5;1.0
2022-10-29;17:19:17;1.0;0.0;9.7;87.9;0.0;1.0;0.5
2022-10-29;17:19:18;0.0;0.0;7.5;91.0;0.0;0.5;1.0
2022-10-29;17:19:19;0.5;0.0;3.6;94.3;0.0;0.5;1.0
2022-10-29;17:19:20;1.5;0.0;11.9;83.5;0.0;1.5;1.5
2022-10-29;17:19:21;1.0;0.0;7.7;88.7;0.0;1.0;1.5
2022-10-29;17:19:22;2.0;0.0;19.5;75.1;0.0;1.5;2.0
2022-10-29;17:19:23;0.5;0.0;7.8;89.6;0.0;1.0;1.0
2022-10-29;17:19:24;1.0;0.0;5.6;90.8;0.0;1.0;1.5
2022-10-29;17:19:25;1.6;0.0;11.2;84.0;0.0;1.1;2.1
2022-10-29;17:19:26;2.0;0.0;10.0;85.0;0.0;1.5;1.5
2022-10-29;17:19:27;1.0;0.0;2.6;95.3;0.0;0.5;0.5
2022-10-29;17:19:28;0.5;0.0;4.0;94.0;0.0;0.5;1.0
2022-10-29;17:19:29;0.0;0.0;1.0;97.9;0.0;0.5;0.5
2022-10-29;17:19:30;0.0;0.0;3.1;96.4;0.0;0.5;0.0
2022-10-29;17:19:31;1.0;0.0;2.0;95.4;0.0;0.5;1.0
2022-10-29;17:19:32;2.6;0.0;10.3;84.6;0.0;1.0;1.5
2022-10-29;17:19:33;1.0;0.0;5.6;91.8;0.0;0.5;1.0
2022-10-29;17:19:34;0.5;0.0;7.5;91.0;0.0;0.5;0.5
2022-10-29;17:19:35;1.5;0.0;10.4;85.6;0.0;1.0;1.5
2022-10-29;17:19:36;1.0;0.0;6.6;90.4;0.0;1.0;1.0
2022-10-29;17:19:37;1.0;0.0;5.6;92.4;0.0;0.5;0.5
2022-10-29;17:19:38;1.0;0.0;8.3;88.0;0.0;1.0;1.6
2022-10-29;17:19:39;2.0;0.0;3.0;94.0;0.0;0.5;0.5
2022-10-29;17:19:40;0.5;0.0;3.6;94.9;0.0;0.5;0.5
2022-10-29;17:19:41;0.0;0.0;4.5;94.0;0.0;0.5;1.0
2022-10-29;17:19:42;1.5;2.0;5.5;90.0;0.0;0.5;0.5
2022-10-29;17:19:43;1.0;0.0;6.5;90.5;0.0;1.0;1.0
2022-10-29;17:19:44;0.5;0.0;4.1;94.4;0.0;0.5;0.5
2022-10-29;17:19:45;0.5;0.0;3.0;95.4;0.0;0.5;0.5
2022-10-29;17:19:46;0.0;0.0;5.5;93.5;0.0;0.5;0.5
2022-10-29;17:19:47;0.0;0.0;3.6;95.4;0.0;0.5;0.5
2022-10-29;17:19:48;1.5;0.0;12.3;83.8;0.0;1.0;1.5
2022-10-29;17:19:49;0.5;0.0;5.5;93.0;0.0;0.5;0.5
2022-10-29;17:19:50;0.0;0.0;4.0;94.9;0.0;0.5;0.5
2022-10-29;17:19:51;0.0;0.0;1.6;97.4;0.0;0.5;0.5
2022-10-29;17:19:52;0.0;0.0;4.1;94.4;0.0;0.5;1.0
2022-10-29;17:19:53;1.1;0.0;13.8;81.5;0.0;1.6;2.1
2022-10-29;17:19:54;2.0;0.0;13.2;81.2;0.0;1.5;2.0
2022-10-29;17:19:55;7.5;0.0;12.9;77.6;0.0;1.0;1.0
2022-10-29;17:19:56;1.0;0.0;5.0;92.6;0.0;0.5;1.0
2022-10-29;17:19:57;0.0;0.0;4.5;94.5;0.0;0.5;0.5
2022-10-29;17:19:58;0.0;0.0;2.1;97.4;0.0;0.0;0.5
2022-10-29;17:19:59;2.5;0.0;2.5;94.0;0.0;0.5;0.5
2022-10-29;17:20:00;1.0;0.0;3.1;94.8;0.0;0.5;0.5
2022-10-29;17:20:01;0.0;0.0;4.5;94.5;0.0;0.5;0.5
2022-10-29;17:20:02;0.0;0.0;3.5;95.5;0.0;0.5;0.5
2022-10-29;17:20:03;0.0;0.0;3.0;95.9;0.0;0.5;0.5
2022-10-29;17:20:04;0.5;0.0;1.5;96.9;0.0;0.5;0.5
2022-10-29;17:20:05;0.5;0.0;2.0;96.4;0.0;0.5;0.5
2022-10-29;17:20:06;0.0;0.0;3.0;95.9;0.0;0.5;0.5
2022-10-29;17:20:07;0.0;0.0;4.5;94.5;0.0;0.5;0.5
2022-10-29;17:20:08;0.0;0.0;2.0;96.9;0.0;0.5;0.5
2022-10-29;17:20:09;0.0;0.0;2.6;96.4;0.0;0.5;0.5
2022-10-29;17:20:10;0.0;0.0;3.6;95.9;0.0;0.0;0.5
2022-10-29;17:20:11;0.0;0.0;2.6;96.4;0.0;0.5;0.5
2022-10-29;17:20:12;2.1;0.5;3.1;93.3;0.0;0.5;0.5
2022-10-29;17:20:13;0.5;0.0;4.0;94.5;0.0;0.5;0.5
2022-10-29;17:20:14;0.0;0.0;4.0;95.0;0.0;0.5;0.5
2022-10-29;17:20:15;0.0;0.0;1.5;97.4;0.0;0.5;0.5
2022-10-29;17:20:16;8.5;0.0;9.0;81.0;0.0;0.5;1.0
2022-10-29;17:20:17;2.5;0.0;13.2;80.7;0.0;1.5;2.0
2022-10-29;17:20:18;3.2;0.0;20.0;71.1;0.0;2.1;3.7
2022-10-29;17:20:19;3.2;0.0;19.3;72.2;0.0;2.1;3.2
2022-10-29;17:20:20;2.0;0.0;24.2;68.2;0.0;2.0;3.5
2022-10-29;17:20:21;4.1;0.0;21.4;68.4;0.0;2.6;3.6
2022-10-29;17:20:22;3.7;0.0;20.9;70.2;0.0;2.1;3.1
2022-10-29;17:20:23;2.6;0.0;21.9;69.8;0.0;2.1;3.6
2022-10-29;17:20:24;4.2;0.0;18.5;71.4;0.0;2.6;3.2
2022-10-29;17:20:25;2.1;0.0;20.6;70.9;0.0;2.6;3.7
2022-10-29;17:20:26;5.2;0.0;18.8;70.8;0.0;2.1;3.1
2022-10-29;17:20:27;3.4;0.0;25.6;65.5;0.0;2.0;3.4
2022-10-29;17:20:28;4.1;0.0;21.4;68.4;0.0;2.6;3.6
2022-10-29;17:20:29;3.7;0.0;19.3;71.7;0.0;2.1;3.2
2022-10-29;17:20:30;2.6;0.0;20.0;71.1;0.0;2.6;3.7
2022-10-29;17:20:31;9.9;0.0;28.3;56.0;0.0;2.1;3.7
2022-10-29;17:20:32;2.7;0.0;18.9;73.5;0.0;1.6;3.2
2022-10-29;17:20:33;2.5;0.0;22.8;68.5;0.0;2.5;3.6
2022-10-29;17:20:34;2.1;0.0;21.8;70.2;0.0;2.1;3.7
2022-10-29;17:20:35;2.7;0.0;19.4;72.0;0.0;2.7;3.2
2022-10-29;17:20:36;2.1;0.0;22.8;69.4;0.0;2.1;3.6
2022-10-29;17:20:37;1.6;0.0;23.8;68.9;0.0;2.1;3.6
2022-10-29;17:20:38;0.5;0.0;19.8;73.1;0.0;2.7;3.8
2022-10-29;17:20:39;2.6;0.0;21.5;70.7;0.0;2.1;3.1
2022-10-29;17:20:40;5.9;0.0;15.7;71.9;0.0;2.7;3.8
2022-10-29;17:20:41;3.6;0.0;21.6;69.1;0.0;2.1;3.6
2022-10-29;17:20:42;4.8;1.1;20.1;68.8;0.0;2.1;3.2
2022-10-29;17:20:43;1.1;0.0;19.1;73.8;0.0;2.2;3.8
2022-10-29;17:20:44;3.8;0.0;18.4;71.9;0.0;2.2;3.8
2022-10-29;17:20:45;2.7;0.0;20.2;70.7;0.0;2.7;3.7
2022-10-29;17:20:46;2.7;0.0;21.3;70.7;0.0;2.1;3.2
2022-10-29;17:20:47;3.6;0.0;20.7;69.4;0.0;2.6;3.6
2022-10-29;17:20:48;4.3;0.0;18.7;71.1;0.0;2.1;3.7
2022-10-29;17:20:49;4.7;0.0;19.9;69.6;0.0;2.1;3.7
2022-10-29;17:20:50;4.2;0.0;18.5;70.9;0.0;2.6;3.7
2022-10-29;17:20:51;1.6;0.0;23.4;69.3;0.0;2.1;3.6
2022-10-29;17:20:52;4.3;0.0;18.2;71.7;0.0;2.7;3.2
2022-10-29;17:20:53;4.1;0.0;22.8;67.5;0.0;2.0;3.6
2022-10-29;17:20:54;2.6;0.0;23.1;68.7;0.0;2.6;3.1
2022-10-29;17:20:55;2.6;0.0;21.2;70.4;0.0;2.1;3.7
2022-10-29;17:20:56;5.0;0.0;21.6;67.8;0.0;2.0;3.5
2022-10-29;17:20:57;2.1;0.0;21.3;70.2;0.0;2.7;3.7
2022-10-29;17:20:58;4.1;0.0;21.2;69.4;0.0;2.1;3.1
2022-10-29;17:20:59;3.6;0.0;20.7;69.4;0.0;2.6;3.6
2022-10-29;17:21:00;2.6;0.0;21.9;69.8;0.0;2.1;3.6
2022-10-29;17:21:01;2.1;0.0;21.6;70.5;0.0;2.1;3.7
2022-10-29;17:21:02;7.6;0.0;22.2;64.9;0.0;2.2;3.2
2022-10-29;17:21:03;2.2;0.0;18.6;72.7;0.0;2.7;3.8
2022-10-29;17:21:04;4.3;0.0;18.3;71.5;0.0;2.2;3.8
2022-10-29;17:21:05;2.1;0.0;22.3;69.4;0.0;2.6;3.6
2022-10-29;17:21:06;1.6;0.0;21.9;71.1;0.0;2.1;3.2
2022-10-29;17:21:07;4.9;0.0;16.3;72.3;0.0;2.7;3.8
2022-10-29;17:21:08;4.2;0.0;20.4;69.6;0.0;2.1;3.7
2022-10-29;17:21:09;3.1;0.0;21.5;69.6;0.0;2.1;3.7
2022-10-29;17:21:10;3.2;0.0;19.8;70.6;0.0;2.7;3.7
2022-10-29;17:21:11;4.9;0.0;16.8;72.3;0.0;2.2;3.8
2022-10-29;17:21:12;5.2;0.5;21.1;67.0;0.0;2.6;3.6
2022-10-29;17:21:13;3.3;0.0;17.1;74.0;0.0;2.2;3.3
2022-10-29;17:21:14;3.7;0.0;20.4;70.2;0.0;2.1;3.7
2022-10-29;17:21:15;2.7;0.0;19.7;71.3;0.0;2.7;3.7
2022-10-29;17:21:16;3.1;0.0;21.4;69.8;0.0;2.1;3.6
2022-10-29;17:21:17;4.5;0.0;22.2;68.2;0.0;2.0;3.0
2022-10-29;17:21:18;1.1;0.0;20.1;72.8;0.0;2.2;3.8
2022-10-29;17:21:19;2.2;0.0;20.4;71.5;0.0;2.2;3.8
2022-10-29;17:21:20;3.8;0.0;17.9;72.3;0.0;2.2;3.8
2022-10-29;17:21:21;4.9;0.0;16.3;72.8;0.0;2.7;3.3
2022-10-29;17:21:22;5.3;0.0;18.4;70.5;0.0;2.1;3.7
2022-10-29;17:21:23;2.1;0.0;23.6;68.2;0.0;2.6;3.6
2022-10-29;17:21:24;3.2;0.0;19.7;71.8;0.0;2.1;3.2
2022-10-29;17:21:25;4.3;0.0;18.2;71.1;0.0;2.7;3.7
2022-10-29;17:21:26;2.6;0.0;23.6;67.7;0.0;2.6;3.6
2022-10-29;17:21:27;3.8;0.0;18.4;72.4;0.0;2.2;3.2
2022-10-29;17:21:28;5.3;0.0;18.4;70.0;0.0;2.6;3.7
2022-10-29;17:21:29;1.6;0.0;23.4;69.3;0.0;2.1;3.6
2022-10-29;17:21:30;1.6;0.0;20.7;71.3;0.0;2.7;3.7
2022-10-29;17:21:31;2.1;0.0;23.7;68.6;0.0;2.6;3.1
2022-10-29;17:21:32;4.7;0.0;20.3;69.3;0.0;2.1;3.6
2022-10-29;17:21:33;2.7;0.0;18.5;72.8;0.0;2.2;3.8
2022-10-29;17:21:34;4.2;0.0;19.9;70.2;0.0;2.6;3.1
2022-10-29;17:21:35;2.7;0.0;19.5;71.9;0.0;2.2;3.8
2022-10-29;17:21:36;3.3;0.0;16.0;74.6;0.0;2.2;3.9
2022-10-29;17:21:37;2.6;0.0;22.3;68.9;0.0;2.6;3.6
2022-10-29;17:21:38;5.8;0.0;17.9;70.5;0.0;2.1;3.7
2022-10-29;17:21:39;2.1;0.0;22.2;69.8;0.0;2.6;3.2
2022-10-29;17:21:40;1.6;0.0;20.3;71.7;0.0;2.7;3.7
2022-10-29;17:21:41;3.1;0.0;21.4;69.8;0.0;2.1;3.6
2022-10-29;17:21:42;4.9;0.5;17.6;70.9;0.0;2.7;3.3
2022-10-29;17:21:43;1.6;0.0;20.4;72.0;0.0;2.2;3.8
2022-10-29;17:21:44;2.6;0.0;21.6;70.0;0.0;2.1;3.7
2022-10-29;17:21:45;2.1;0.0;21.6;70.0;0.0;2.6;3.7
2022-10-29;17:21:46;2.6;0.0;22.4;69.8;0.0;2.1;3.1
2022-10-29;17:21:47;4.7;0.0;20.2;69.4;0.0;2.1;3.6
2022-10-29;17:21:48;2.7;0.0;18.4;73.0;0.0;2.2;3.8
2022-10-29;17:21:49;3.1;0.0;21.4;69.8;0.0;2.6;3.1
2022-10-29;17:21:50;3.2;0.0;18.9;71.9;0.0;2.2;3.8
2022-10-29;17:21:51;2.6;0.0;22.3;68.9;0.0;2.6;3.6
2022-10-29;17:21:52;2.7;0.0;19.7;71.8;0.0;2.7;3.2
2022-10-29;17:21:53;6.8;0.0;16.8;70.5;0.0;2.1;3.7
2022-10-29;17:21:54;2.2;0.0;17.8;73.9;0.0;2.8;3.3
2022-10-29;17:21:55;5.7;0.0;18.2;70.3;0.0;2.1;3.6
2022-10-29;17:21:56;3.7;0.0;19.1;71.3;0.0;2.1;3.7
2022-10-29;17:21:57;3.7;0.0;19.5;71.1;0.0;2.6;3.2
2022-10-29;17:21:58;5.3;0.0;17.0;71.8;0.0;2.1;3.7
2022-10-29;17:21:59;4.8;0.0;18.0;70.9;0.0;2.6;3.7
2022-10-29;17:22:00;4.6;0.0;20.6;69.6;0.0;2.1;3.1
2022-10-29;17:22:01;1.5;0.0;24.9;68.0;0.0;2.0;3.6
2022-10-29;17:22:02;5.6;0.0;19.9;68.4;0.0;2.6;3.6
2022-10-29;17:22:03;2.7;0.0;18.1;73.6;0.0;2.2;3.3
2022-10-29;17:22:04;2.5;0.0;23.9;67.5;0.0;2.5;3.6
2022-10-29;17:22:05;0.5;0.0;22.9;70.7;0.0;2.1;3.7
2022-10-29;17:22:06;4.5;0.0;22.9;67.2;0.0;2.0;3.5
2022-10-29;17:22:07;4.3;0.0;18.1;71.8;0.0;2.7;3.2
2022-10-29;17:22:08;1.7;0.0;18.8;74.0;0.0;1.7;3.9
2022-10-29;17:22:09;2.2;0.0;18.9;72.4;0.0;2.7;3.8
2022-10-29;17:22:10;3.1;0.0;21.5;70.2;0.0;2.1;3.1
2022-10-29;17:22:11;4.8;0.0;17.6;71.3;0.0;2.7;3.7
2022-10-29;17:22:12;5.3;0.5;19.5;68.9;0.0;2.1;3.7
2022-10-29;17:22:13;4.5;0.0;23.8;66.3;0.0;2.0;3.5
2022-10-29;17:22:14;4.8;0.0;18.5;71.4;0.0;2.1;3.2
2022-10-29;17:22:15;4.2;0.0;18.5;70.9;0.0;2.6;3.7
2022-10-29;17:22:16;3.0;0.0;23.6;67.3;0.0;2.5;3.5
2022-10-29;17:22:17;4.5;0.0;14.6;75.3;0.0;2.2;3.4
2022-10-29;17:22:18;4.1;0.0;20.1;70.1;0.0;2.1;3.6
2022-10-29;17:22:19;2.2;0.0;19.1;73.2;0.0;2.2;3.3
2022-10-29;17:22:20;3.7;0.0;18.2;71.7;0.0;2.7;3.7
2022-10-29;17:22:21;2.7;0.0;20.2;71.3;0.0;2.1;3.7
2022-10-29;17:22:22;3.4;0.0;16.2;74.3;0.0;2.8;3.4
2022-10-29;17:22:23;3.1;0.0;20.8;70.3;0.0;2.1;3.6
2022-10-29;17:22:24;1.6;0.0;20.7;71.8;0.0;2.1;3.7
2022-10-29;17:22:25;2.6;0.0;21.9;70.3;0.0;2.1;3.1
2022-10-29;17:22:26;2.1;0.0;21.2;70.9;0.0;2.1;3.7
2022-10-29;17:22:27;4.0;0.0;21.5;68.5;0.0;2.5;3.5
2022-10-29;17:22:28;4.1;0.0;22.8;68.0;0.0;2.0;3.0
2022-10-29;17:22:29;3.7;0.0;19.0;70.9;0.0;2.6;3.7
2022-10-29;17:22:30;10.3;0.0;25.9;58.9;0.0;1.6;3.2
2022-10-29;17:22:31;3.2;0.0;19.1;71.3;0.0;2.7;3.7
2022-10-29;17:22:32;4.1;0.0;20.7;69.4;0.0;2.1;3.6
2022-10-29;17:22:33;3.8;0.0;16.5;73.6;0.0;2.7;3.3
2022-10-29;17:22:34;2.7;0.0;18.9;72.4;0.0;2.2;3.8
2022-10-29;17:22:35;2.1;0.0;21.5;70.2;0.0;2.6;3.7
2022-10-29;17:22:36;3.7;0.0;19.9;71.2;0.0;2.1;3.1
2022-10-29;17:22:37;3.6;0.0;21.1;69.1;0.0;2.6;3.6
2022-10-29;17:22:38;2.7;0.0;20.2;71.8;0.0;2.1;3.2
2022-10-29;17:22:39;1.6;0.0;20.2;71.8;0.0;2.7;3.7
2022-10-29;17:22:40;1.6;0.0;20.7;72.3;0.0;2.1;3.2
2022-10-29;17:22:41;4.3;0.0;23.4;66.3;0.0;2.2;3.8
2022-10-29;17:22:42;3.5;2.0;23.1;65.8;0.0;2.5;3.0
2022-10-29;17:22:43;4.8;0.0;17.6;71.7;0.0;2.1;3.7
2022-10-29;17:22:44;2.6;0.0;20.6;70.9;0.0;2.6;3.2
2022-10-29;17:22:45;5.6;0.0;20.2;68.2;0.0;2.5;3.5
2022-10-29;17:22:46;3.5;0.0;23.2;68.2;0.0;2.0;3.0
2022-10-29;17:22:47;4.3;0.0;18.1;71.3;0.0;2.7;3.7
2022-10-29;17:22:48;5.3;0.0;17.0;71.8;0.0;2.1;3.7
2022-10-29;17:22:49;3.1;0.0;21.9;70.3;0.0;1.6;3.1
2022-10-29;17:22:50;4.2;0.0;19.4;70.2;0.0;2.6;3.7
2022-10-29;17:22:51;2.6;0.0;22.2;69.6;0.0;2.1;3.6
2022-10-29;17:22:52;2.1;0.0;21.6;70.5;0.0;2.1;3.7
2022-10-29;17:22:53;3.8;0.0;17.3;73.5;0.0;2.2;3.2
2022-10-29;17:22:54;4.2;0.0;19.3;70.3;0.0;2.6;3.6
2022-10-29;17:22:55;3.6;0.0;22.8;68.0;0.0;2.0;3.6
2022-10-29;17:22:56;1.6;0.0;20.7;72.3;0.0;2.1;3.2
2022-10-29;17:22:57;4.3;0.0;17.2;72.0;0.0;2.7;3.8
2022-10-29;17:22:58;2.6;0.0;22.2;69.6;0.0;2.1;3.6
2022-10-29;17:22:59;1.6;0.0;22.6;70.5;0.0;2.1;3.2
2022-10-29;17:23:00;3.6;0.0;21.8;68.5;0.0;2.5;3.6
2022-10-29;17:23:01;2.6;0.0;21.9;69.9;0.0;2.0;3.6
2022-10-29;17:23:02;4.4;0.0;16.9;73.2;0.0;2.2;3.3
2022-10-29;17:23:03;4.7;0.0;19.4;70.2;0.0;2.1;3.7
2022-10-29;17:23:04;3.6;0.0;20.6;69.6;0.0;2.6;3.6
2022-10-29;17:23:05;3.6;0.0;23.4;68.0;0.0;2.0;3.0
2022-10-29;17:23:06;2.7;0.0;17.5;73.8;0.0;2.2;3.8
2022-10-29;17:23:07;3.2;0.0;19.1;72.3;0.0;2.1;3.2
2022-10-29;17:23:08;4.1;0.0;21.9;68.4;0.0;2.0;3.6
2022-10-29;17:23:09;3.2;0.0;16.8;73.5;0.0;2.7;3.8
2022-10-29;17:23:10;3.9;0.0;16.0;74.6;0.0;2.2;3.3
2022-10-29;17:23:11;4.7;0.0;18.3;70.7;0.0;2.6;3.7
2022-10-29;17:23:12;4.1;1.0;21.2;68.4;0.0;2.1;3.1
2022-10-29;17:23:13;2.8;0.0;14.1;76.8;0.0;2.3;4.0
2022-10-29;17:23:14;3.6;0.0;20.3;70.3;0.0;2.6;3.1
2022-10-29;17:23:15;2.7;0.0;17.9;73.9;0.0;1.6;3.8
2022-10-29;17:23:16;2.2;0.0;18.4;73.5;0.0;2.7;3.2
2022-10-29;17:23:17;8.0;0.0;7.5;82.9;0.0;0.5;1.0
2022-10-29;17:23:18;0.5;0.0;3.0;95.4;0.0;0.5;0.5
2022-10-29;17:23:19;1.5;0.0;3.0;95.0;0.0;0.0;0.5
2022-10-29;17:23:20;0.5;0.0;5.0;93.6;0.0;0.5;0.5
2022-10-29;17:23:21;0.0;0.0;3.5;95.5;0.0;0.5;0.5
2022-10-29;17:23:22;0.0;0.0;2.1;96.9;0.0;0.5;0.5
2022-10-29;17:23:23;0.0;0.0;3.0;95.9;0.0;0.5;0.5
2022-10-29;17:23:24;0.5;0.0;3.0;95.5;0.0;0.5;0.5
2022-10-29;17:23:25;1.5;0.0;5.4;92.2;0.0;0.5;0.5
2022-10-29;17:23:26;0.5;0.0;4.0;94.5;0.0;0.5;0.5
2022-10-29;17:23:27;0.5;0.0;3.0;95.5;0.0;0.5;0.5
2022-10-29;17:23:28;0.0;0.0;3.5;95.5;0.0;0.5;0.5
2022-10-29;17:23:29;0.0;0.0;3.0;95.9;0.0;0.5;0.5
2022-10-29;17:23:30;0.5;0.0;2.5;95.9;0.0;0.0;1.0
2022-10-29;17:23:31;1.0;0.0;1.0;96.9;0.0;0.5;0.5
2022-10-29;17:23:32;0.5;0.0;4.0;94.5;0.0;0.5;0.5
2022-10-29;17:23:33;1.0;0.0;5.4;92.6;0.0;0.5;0.5
2022-10-29;17:23:34;1.0;0.0;2.5;95.5;0.0;0.5;0.5
2022-10-29;17:23:35;0.5;0.0;2.0;96.4;0.0;0.5;0.5
2022-10-29;17:23:36;0.5;0.0;4.0;94.5;0.0;0.5;0.5
2022-10-29;17:23:37;2.5;0.0;5.1;90.9;0.0;0.5;1.0
2022-10-29;17:23:38;6.2;0.0;3.1;89.7;0.0;0.5;0.5
2022-10-29;17:23:39;3.9;0.0;22.2;69.0;0.0;2.0;3.0
2022-10-29;17:23:40;1.6;0.0;22.9;69.8;0.0;2.6;3.1
2022-10-29;17:23:41;3.6;0.0;20.7;69.9;0.0;2.1;3.6
2022-10-29;17:23:42;5.7;0.5;21.1;67.0;0.0;2.1;3.6
2022-10-29;17:23:43;1.6;0.0;22.8;69.4;0.0;2.6;3.6
2022-10-29;17:23:44;4.1;0.0;22.1;68.7;0.0;2.1;3.1
2022-10-29;17:23:45;2.6;0.0;21.2;69.8;0.0;2.6;3.7
2022-10-29;17:23:46;2.0;0.0;26.3;66.3;0.0;2.0;3.4
2022-10-29;17:23:47;3.6;0.0;21.6;69.1;0.0;2.1;3.6
2022-10-29;17:23:48;2.5;0.0;24.2;67.7;0.0;2.5;3.0
2022-10-29;17:23:49;4.2;0.0;20.0;70.0;0.0;2.1;3.7
2022-10-29;17:23:50;2.6;0.0;23.5;68.4;0.0;2.0;3.6
2022-10-29;17:23:51;4.6;0.0;21.3;68.0;0.0;2.5;3.6
2022-10-29;17:23:52;2.5;0.0;25.5;66.5;0.0;2.0;3.5
2022-10-29;17:23:53;1.5;0.0;25.3;67.2;0.0;2.5;3.5
2022-10-29;17:23:54;4.4;0.0;25.4;65.4;0.0;2.0;2.9
2022-10-29;17:23:55;4.2;0.0;20.3;69.8;0.0;2.1;3.6
2022-10-29;17:23:56;3.0;0.0;23.4;67.5;0.0;2.5;3.6
2022-10-29;17:23:57;3.3;0.0;18.5;72.3;0.0;2.2;3.8
2022-10-29;17:23:58;2.5;0.0;25.3;66.7;0.0;2.0;3.5
2022-10-29;17:23:59;4.5;0.0;22.7;67.2;0.0;2.0;3.5
2022-10-29;17:24:00;4.2;0.0;21.1;68.4;0.0;2.6;3.7
2022-10-29;17:24:01;3.5;0.0;23.7;66.7;0.0;2.5;3.5
2022-10-29;17:24:02;3.0;0.0;24.4;66.5;0.0;2.5;3.6
2022-10-29;17:24:03;2.0;0.0;25.4;66.5;0.0;2.0;4.1
2022-10-29;17:24:04;3.6;0.0;21.8;68.4;0.0;2.6;3.6
2022-10-29;17:24:05;2.1;0.0;22.8;69.3;0.0;2.1;3.7
2022-10-29;17:24:06;2.6;0.0;22.8;68.4;0.0;2.6;3.6
2022-10-29;17:24:07;3.0;0.0;24.4;66.5;0.0;2.5;3.6
2022-10-29;17:24:08;5.0;0.0;24.4;65.2;0.0;2.0;3.5
2022-10-29;17:24:09;2.5;0.0;25.9;66.2;0.0;2.0;3.5
2022-10-29;17:24:10;3.5;0.0;26.2;64.9;0.0;2.5;3.0
2022-10-29;17:24:11;2.1;0.0;25.1;66.7;0.0;2.6;3.6
2022-10-29;17:24:12;4.5;0.5;24.1;65.3;0.0;2.0;3.5
2022-10-29;17:24:13;4.1;0.0;22.2;67.5;0.0;2.6;3.6
2022-10-29;17:24:14;4.8;0.0;19.3;69.5;0.0;2.7;3.7
2022-10-29;17:24:15;2.1;0.0;23.8;67.9;0.0;2.1;4.1
2022-10-29;17:24:16;3.9;0.0;26.8;63.9;0.0;2.4;2.9
2022-10-29;17:24:17;2.5;0.0;25.6;65.8;0.0;2.0;4.0
2022-10-29;17:24:18;2.5;0.0;24.6;67.3;0.0;2.0;3.5
2022-10-29;17:24:19;4.4;0.0;25.9;64.4;0.0;2.0;3.4
2022-10-29;17:24:20;2.2;0.0;19.9;72.0;0.0;2.2;3.8
2022-10-29;17:24:21;2.1;0.0;22.5;69.6;0.0;2.1;3.7
2022-10-29;17:24:22;3.2;0.0;21.3;69.1;0.0;2.7;3.7
2022-10-29;17:24:23;6.2;0.0;19.5;68.7;0.0;2.1;3.6
2022-10-29;17:24:24;5.6;0.0;21.7;66.7;0.0;2.5;3.5
2022-10-29;17:24:25;4.7;0.0;20.7;68.9;0.0;2.1;3.6
2022-10-29;17:24:26;2.7;0.0;21.3;70.2;0.0;2.1;3.7
2022-10-29;17:24:27;4.5;0.0;24.0;66.0;0.0;2.5;3.0
2022-10-29;17:24:28;3.2;0.0;18.9;71.4;0.0;2.2;4.3
2022-10-29;17:24:29;2.6;0.0;25.1;66.2;0.0;2.6;3.6
2022-10-29;17:24:30;2.6;0.0;24.6;67.7;0.0;2.1;3.1
2022-10-29;17:24:31;1.6;0.0;19.5;72.4;0.0;2.7;3.8
2022-10-29;17:24:32;2.5;0.0;25.0;67.5;0.0;2.0;3.0
2022-10-29;17:24:33;0.0;0.0;21.9;71.9;0.0;2.6;3.6
2022-10-29;17:24:34;1.0;0.0;25.5;68.0;0.0;2.5;3.0
2022-10-29;17:24:35;1.0;0.0;22.8;70.5;0.0;2.1;3.6
2022-10-29;17:24:36;1.0;0.0;24.2;68.7;0.0;2.5;3.5
2022-10-29;17:24:37;6.6;0.0;22.4;64.3;0.0;2.0;4.6
2022-10-29;17:24:38;1.7;0.0;19.0;70.9;0.0;2.8;5.6
2022-10-29;17:24:39;2.1;0.0;23.6;68.6;0.0;2.6;3.1
2022-10-29;17:24:40;2.6;0.0;22.8;67.9;0.0;2.6;4.1
2022-10-29;17:24:41;1.5;0.0;25.6;67.2;0.0;2.1;3.6
2022-10-29;17:24:42;3.4;1.0;27.1;63.1;0.0;2.0;3.4
2022-10-29;17:24:43;5.0;0.0;23.5;65.5;0.0;2.5;3.5
2022-10-29;17:24:44;3.1;0.0;22.5;68.6;0.0;2.1;3.7
2022-10-29;17:24:45;2.1;0.0;21.4;70.1;0.0;2.7;3.7
2022-10-29;17:24:46;3.7;0.0;20.7;69.1;0.0;2.1;4.3
2022-10-29;17:24:47;3.1;0.0;24.0;67.3;0.0;2.0;3.6
2022-10-29;17:24:48;5.0;0.0;23.8;65.3;0.0;2.5;3.5
2022-10-29;17:24:49;3.6;0.0;24.4;66.5;0.0;2.0;3.6
2022-10-29;17:24:50;4.1;0.0;22.2;67.5;0.0;2.6;3.6
2022-10-29;17:24:51;3.0;0.0;24.7;66.7;0.0;2.0;3.5
2022-10-29;17:24:52;3.5;0.0;23.7;66.7;0.0;2.0;4.0
2022-10-29;17:24:53;2.7;0.0;20.0;70.8;0.0;2.7;3.8
2022-10-29;17:24:54;2.5;0.0;25.8;66.2;0.0;2.0;3.5
2022-10-29;17:24:55;1.6;0.0;21.5;71.0;0.0;2.2;3.8
2022-10-29;17:24:56;3.2;0.0;21.6;68.4;0.0;2.6;4.2
2022-10-29;17:24:57;4.2;0.0;21.5;68.6;0.0;2.1;3.7
2022-10-29;17:24:58;5.2;0.0;21.1;67.5;0.0;2.6;3.6
2022-10-29;17:24:59;3.3;0.0;19.0;71.2;0.0;2.7;3.8
2022-10-29;17:25:00;3.2;0.0;23.7;66.8;0.0;2.1;4.2
2022-10-29;17:25:01;2.5;0.0;24.6;66.8;0.0;2.5;3.5
2022-10-29;17:25:02;4.1;0.0;23.7;66.5;0.0;2.1;3.6
2022-10-29;17:25:03;2.1;0.0;22.0;69.6;0.0;2.6;3.7
2022-10-29;17:25:04;4.8;0.0;19.1;69.7;0.0;2.7;3.7
2022-10-29;17:25:05;3.2;0.0;20.4;70.4;0.0;2.2;3.8
2022-10-29;17:25:06;5.2;0.0;21.1;67.5;0.0;2.1;4.1
2022-10-29;17:25:07;12.7;0.0;24.3;57.1;0.0;2.1;3.7
2022-10-29;17:25:08;2.1;0.0;23.6;68.6;0.0;2.1;3.7
2022-10-29;17:25:09;3.5;0.0;24.9;65.7;0.0;2.5;3.5
2022-10-29;17:25:10;3.2;0.0;21.7;68.8;0.0;2.1;4.2
2022-10-29;17:25:11;3.0;0.0;24.7;66.2;0.0;2.5;3.5
2022-10-29;17:25:12;2.1;0.5;23.6;67.0;0.0;2.6;4.2
2022-10-29;17:25:13;3.7;0.0;22.0;68.6;0.0;2.1;3.7
2022-10-29;17:25:14;3.6;0.0;23.6;67.2;0.0;2.1;3.6
2022-10-29;17:25:15;4.1;0.0;28.4;61.9;0.0;2.1;3.6
2022-10-29;17:25:16;3.2;0.0;19.6;70.4;0.0;2.6;4.2
2022-10-29;17:25:17;3.0;0.0;25.4;66.0;0.0;2.0;3.6
2022-10-29;17:25:18;3.5;0.0;24.7;65.7;0.0;2.5;3.5
2022-10-29;17:25:19;3.5;0.0;25.4;65.2;0.0;2.0;4.0
2022-10-29;17:25:20;2.5;0.0;26.0;65.5;0.0;2.5;3.5
2022-10-29;17:25:21;4.0;0.0;24.2;65.7;0.0;2.5;3.5
2022-10-29;17:25:22;2.0;0.0;25.3;66.7;0.0;2.0;4.0
2022-10-29;17:25:23;2.1;0.0;24.2;67.5;0.0;2.6;3.6
2022-10-29;17:25:24;3.6;0.0;21.6;68.6;0.0;2.1;4.1
2022-10-29;17:25:25;3.1;0.0;23.6;67.7;0.0;2.1;3.6
2022-10-29;17:25:26;5.3;0.0;19.0;69.3;0.0;2.6;3.7
2022-10-29;17:25:27;3.9;0.0;25.6;65.0;0.0;2.0;3.4
2022-10-29;17:25:28;4.0;0.0;24.6;64.8;0.0;2.5;4.0
2022-10-29;17:25:29;4.0;0.0;23.6;66.3;0.0;2.0;4.0
2022-10-29;17:25:30;3.8;0.0;19.5;70.3;0.0;2.7;3.8
2022-10-29;17:25:31;3.1;0.0;22.4;68.2;0.0;2.1;4.2
2022-10-29;17:25:32;3.1;0.0;22.3;68.9;0.0;2.6;3.1
2022-10-29;17:25:33;2.6;0.0;23.1;68.7;0.0;2.6;3.1
2022-10-29;17:25:34;1.1;0.0;19.0;73.4;0.0;2.7;3.8
2022-10-29;17:25:35;0.0;0.0;24.0;70.8;0.0;2.1;3.1
2022-10-29;17:25:36;1.0;0.0;23.5;69.4;0.0;3.1;3.1
2022-10-29;17:25:37;1.5;0.0;23.0;69.4;0.0;2.6;3.6
2022-10-29;17:25:38;0.5;0.0;24.5;69.4;0.0;2.0;3.6
2022-10-29;17:25:39;4.4;0.0;27.5;61.3;0.0;2.5;4.4
2022-10-29;17:25:40;3.1;0.0;23.3;66.3;0.0;2.6;4.7
2022-10-29;17:25:41;5.7;0.0;20.7;67.9;0.0;2.1;3.6
2022-10-29;17:25:42;3.0;0.5;24.9;65.5;0.0;2.5;3.6
2022-10-29;17:25:43;3.0;0.0;25.2;66.3;0.0;2.0;3.5
2022-10-29;17:25:44;4.8;0.0;19.1;70.2;0.0;2.1;3.7
2022-10-29;17:25:45;3.4;0.0;26.1;65.0;0.0;2.0;3.4
2022-10-29;17:25:46;5.8;0.0;19.4;69.1;0.0;2.1;3.7
2022-10-29;17:25:47;3.8;0.0;17.8;71.9;0.0;2.7;3.8
2022-10-29;17:25:48;3.1;0.0;22.7;68.0;0.0;2.1;4.1
2022-10-29;17:25:49;2.6;0.0;22.5;68.6;0.0;2.6;3.7
2022-10-29;17:25:50;4.7;0.0;20.8;68.8;0.0;2.1;3.6
2022-10-29;17:25:51;3.2;0.0;19.9;71.0;0.0;2.2;3.8
2022-10-29;17:25:52;2.1;0.0;21.4;70.1;0.0;2.7;3.7
2022-10-29;17:25:53;2.2;0.0;21.1;70.8;0.0;2.2;3.8
2022-10-29;17:25:54;2.6;0.0;23.6;67.7;0.0;2.6;3.6
2022-10-29;17:25:55;2.9;0.0;27.7;63.6;0.0;2.4;3.4
2022-10-29;17:25:56;4.0;0.0;23.2;67.2;0.0;2.0;3.5
2022-10-29;17:25:57;3.4;0.0;26.0;64.2;0.0;2.5;3.9
2022-10-29;17:25:58;2.8;0.0;18.8;72.4;0.0;2.2;3.9
2022-10-29;17:25:59;3.5;0.0;25.4;65.2;0.0;2.5;3.5
2022-10-29;17:26:00;1.6;0.0;24.0;68.2;0.0;2.6;3.6
2022-10-29;17:26:01;3.6;0.0;23.1;67.2;0.0;2.6;3.6
2022-10-29;17:26:02;3.2;0.0;21.2;69.8;0.0;2.1;3.7
2022-10-29;17:26:03;2.0;0.0;26.1;65.8;0.0;2.5;3.5
2022-10-29;17:26:04;4.2;0.0;21.6;67.9;0.0;2.1;4.2
2022-10-29;17:26:05;4.0;0.0;24.8;65.3;0.0;2.5;3.5
2022-10-29;17:26:06;2.1;0.0;24.1;67.5;0.0;2.6;3.7
2022-10-29;17:26:07;1.6;0.0;23.2;69.5;0.0;2.1;3.7
2022-10-29;17:26:08;3.6;0.0;21.8;67.9;0.0;2.6;4.1
2022-10-29;17:26:09;3.6;0.0;22.8;67.9;0.0;2.1;3.6
2022-10-29;17:26:10;3.0;0.0;24.4;66.5;0.0;2.5;3.6
2022-10-29;17:26:11;4.2;0.0;20.0;70.0;0.0;2.1;3.7
2022-10-29;17:26:12;3.6;0.5;24.1;65.6;0.0;2.1;4.1
2022-10-29;17:26:13;3.5;0.0;25.2;65.8;0.0;2.0;3.5
2022-10-29;17:26:14;4.9;0.0;24.5;64.7;0.0;2.5;3.4
2022-10-29;17:26:15;3.8;0.0;18.5;71.2;0.0;2.7;3.8
2022-10-29;17:26:16;2.6;0.0;22.2;68.8;0.0;2.1;4.2
2022-10-29;17:26:17;3.6;0.0;23.5;66.8;0.0;2.6;3.6
2022-10-29;17:26:18;3.7;0.0;20.1;70.4;0.0;2.1;3.7
2022-10-29;17:26:19;4.0;0.0;24.8;65.3;0.0;2.5;3.5
2022-10-29;17:26:20;2.6;0.0;23.2;68.0;0.0;2.1;4.1
2022-10-29;17:26:21;2.6;0.0;23.8;67.4;0.0;2.6;3.6
2022-10-29;17:26:22;3.1;0.0;21.5;69.1;0.0;2.1;4.2
2022-10-29;17:26:23;4.3;0.0;18.9;70.3;0.0;2.7;3.8
2022-10-29;17:26:24;4.6;0.0;21.9;66.8;0.0;2.6;4.1
2022-10-29;17:26:25;3.5;0.0;24.9;65.7;0.0;2.5;3.5
2022-10-29;17:26:26;2.6;0.0;22.2;69.3;0.0;2.1;3.7
2022-10-29;17:26:27;1.5;0.0;24.9;67.5;0.0;2.5;3.6
2022-10-29;17:26:28;4.0;0.0;23.2;66.7;0.0;2.0;4.0
2022-10-29;17:26:29;2.5;0.0;26.5;65.0;0.0;2.5;3.5
2022-10-29;17:26:30;3.1;0.0;23.5;66.8;0.0;2.6;4.1
2022-10-29;17:26:31;4.0;0.0;23.7;66.7;0.0;2.0;3.5
2022-10-29;17:26:32;3.8;0.0;28.6;61.9;0.0;1.9;3.8
2022-10-29;17:26:33;4.5;0.0;23.2;66.2;0.0;2.5;3.5
2022-10-29;17:26:34;5.2;0.0;21.2;67.9;0.0;2.1;3.6
2022-10-29;17:26:35;3.5;0.0;23.5;66.5;0.0;2.5;4.0
2022-10-29;17:26:36;4.2;0.0;21.5;68.6;0.0;2.1;3.7
2022-10-29;17:26:37;3.2;0.0;21.1;68.9;0.0;2.6;4.2
2022-10-29;17:26:38;5.0;0.0;21.1;68.3;0.0;2.0;3.5
2022-10-29;17:26:39;4.7;0.0;3.1;91.7;0.0;0.0;0.5
2022-10-29;17:26:40;0.5;0.0;2.5;94.4;0.0;1.0;1.5
2022-10-29;17:26:41;0.0;0.0;6.4;93.1;0.0;0.0;0.5
2022-10-29;17:26:42;1.5;0.5;5.1;91.4;0.0;0.5;1.0
2022-10-29;17:26:43;0.0;0.0;3.6;94.9;0.0;0.5;1.0
2022-10-29;17:26:44;0.5;0.0;4.0;94.0;0.0;0.5;1.0
2022-10-29;17:26:45;0.5;0.0;3.5;94.9;0.0;0.5;0.5
2022-10-29;17:26:46;0.0;0.0;2.6;95.9;0.0;0.5;1.0
2022-10-29;17:26:47;0.0;0.0;1.5;97.4;0.0;0.5;0.5
2022-10-29;17:26:48;1.0;0.0;4.5;93.0;0.0;0.5;1.0
2022-10-29;17:26:49;0.5;0.0;5.4;92.6;0.0;0.5;1.0
2022-10-29;17:26:50;0.5;0.0;4.0;94.0;0.0;0.5;1.0
2022-10-29;17:26:51;0.0;0.0;3.5;94.9;0.0;0.5;1.0
2022-10-29;17:26:52;0.0;0.0;2.1;96.4;0.0;0.5;1.0
2022-10-29;17:26:53;0.0;0.0;4.5;94.5;0.0;0.5;0.5
2022-10-29;17:26:54;0.5;0.0;3.0;94.9;0.0;0.5;1.0
2022-10-29;17:26:55;0.5;0.0;5.4;92.6;0.0;0.5;1.0
2022-10-29;17:26:56;1.0;0.0;5.0;92.6;0.0;0.5;1.0
2022-10-29;17:26:57;0.0;0.0;2.1;96.9;0.0;0.5;0.5
2022-10-29;17:26:58;0.5;0.0;4.0;94.0;0.0;0.5;1.0
2022-10-29;17:26:59;5.5;0.0;6.5;86.5;0.0;0.5;1.0
2022-10-29;17:27:00;4.6;0.0;9.3;83.0;0.0;1.0;2.1
2022-10-29;17:27:01;2.1;0.0;20.3;71.1;0.0;2.7;3.7
2022-10-29;17:27:02;4.2;0.0;19.0;70.4;0.0;2.6;3.7
2022-10-29;17:27:03;5.2;0.0;20.1;69.1;0.0;2.1;3.6
2022-10-29;17:27:04;2.1;0.0;19.8;71.7;0.0;2.1;4.3
2022-10-29;17:27:05;3.1;0.0;21.4;69.8;0.0;2.1;3.6
2022-10-29;17:27:06;1.7;0.0;17.2;74.4;0.0;2.8;3.9
2022-10-29;17:27:07;2.6;0.0;20.6;70.9;0.0;2.1;3.7
2022-10-29;17:27:08;3.0;0.0;23.4;68.0;0.0;2.0;3.6
2022-10-29;17:27:09;1.6;0.0;19.1;72.7;0.0;2.2;4.4
2022-10-29;17:27:10;2.7;0.0;19.7;71.3;0.0;2.7;3.7
2022-10-29;17:27:11;2.2;0.0;18.6;73.2;0.0;2.2;3.8
2022-10-29;17:27:12;3.8;1.1;19.4;69.9;0.0;2.2;3.8
2022-10-29;17:27:13;4.3;0.0;18.3;71.5;0.0;2.2;3.8
2022-10-29;17:27:14;1.6;0.0;20.4;72.0;0.0;2.2;3.8
2022-10-29;17:27:15;3.1;0.0;19.9;70.7;0.0;2.6;3.7
2022-10-29;17:27:16;3.7;0.0;20.2;70.2;0.0;2.1;3.7
2022-10-29;17:27:17;5.3;0.0;16.6;71.7;0.0;2.7;3.7
2022-10-29;17:27:18;2.1;0.0;21.6;70.0;0.0;2.1;4.2
2022-10-29;17:27:19;4.4;0.0;17.0;72.5;0.0;2.7;3.3
2022-10-29;17:27:20;2.8;0.0;15.2;75.3;0.0;2.2;4.5
2022-10-29;17:27:21;3.6;0.0;21.4;69.3;0.0;2.1;3.6
2022-10-29;17:27:22;1.5;0.0;23.5;68.4;0.0;2.6;4.1
2022-10-29;17:27:23;3.1;0.0;24.1;67.7;0.0;2.1;3.1
2022-10-29;17:27:24;3.2;0.0;19.7;70.7;0.0;2.1;4.3
2022-10-29;17:27:25;2.1;0.0;22.7;69.1;0.0;2.6;3.6
2022-10-29;17:27:26;2.7;0.0;20.4;71.0;0.0;2.2;3.8
2022-10-29;17:27:27;4.2;0.0;18.5;70.9;0.0;2.6;3.7
2022-10-29;17:27:28;3.8;0.0;17.2;72.6;0.0;2.2;4.3
2022-10-29;17:27:29;1.6;0.0;22.9;69.3;0.0;2.6;3.6
2022-10-29;17:27:30;4.8;0.0;17.1;72.2;0.0;2.1;3.7
2022-10-29;17:27:31;2.2;0.0;18.6;73.2;0.0;2.2;3.8
2022-10-29;17:27:32;3.2;0.0;20.0;70.0;0.0;2.6;4.2
2022-10-29;17:27:33;3.2;0.0;20.1;70.9;0.0;2.1;3.7
2022-10-29;17:27:34;3.1;0.0;21.5;69.1;0.0;2.6;3.7
2022-10-29;17:27:35;3.2;0.0;19.5;71.4;0.0;2.2;3.8
2022-10-29;17:27:36;3.6;0.0;20.7;69.4;0.0;2.1;4.1
2022-10-29;17:27:37;1.6;0.0;22.4;70.3;0.0;2.1;3.6
2022-10-29;17:27:38;3.8;0.0;16.9;73.2;0.0;2.2;3.8
2022-10-29;17:27:39;4.1;0.0;21.4;68.4;0.0;2.6;3.6
2022-10-29;17:27:40;5.2;0.0;19.3;69.3;0.0;2.1;4.2
2022-10-29;17:27:41;4.8;0.0;17.7;71.0;0.0;2.7;3.8
2022-10-29;17:27:42;5.1;0.5;21.0;67.7;0.0;2.1;3.6
2022-10-29;17:27:43;2.7;0.0;19.3;71.1;0.0;2.7;4.3
2022-10-29;17:27:44;1.6;0.0;22.2;70.4;0.0;2.1;3.7
2022-10-29;17:27:45;2.6;0.0;22.3;68.9;0.0;2.6;3.6
2022-10-29;17:27:46;0.5;0.0;23.7;70.0;0.0;2.1;3.7
2022-10-29;17:27:47;2.1;0.0;22.0;69.6;0.0;2.6;3.7
2022-10-29;17:27:48;3.8;0.0;17.2;72.0;0.0;2.7;4.3
2022-10-29;17:27:49;3.2;0.0;20.5;71.1;0.0;2.1;3.2
2022-10-29;17:27:50;2.7;0.0;20.3;70.6;0.0;2.1;4.3
2022-10-29;17:27:51;2.6;0.0;22.4;68.9;0.0;2.6;3.6
2022-10-29;17:27:52;2.7;0.0;19.3;72.2;0.0;2.1;3.7
2022-10-29;17:27:53;3.2;0.0;20.5;70.5;0.0;2.1;3.7
2022-10-29;17:27:54;4.1;0.0;20.7;68.4;0.0;2.6;4.1
2022-10-29;17:27:55;1.6;0.0;22.0;70.7;0.0;2.1;3.7
2022-10-29;17:27:56;2.1;0.0;22.0;70.2;0.0;2.1;3.7
2022-10-29;17:27:57;3.0;0.0;23.4;68.0;0.0;2.0;3.6
2022-10-29;17:27:58;3.6;0.0;21.9;68.9;0.0;2.0;3.6
2022-10-29;17:27:59;4.0;0.0;23.0;67.0;0.0;2.5;3.5
2022-10-29;17:28:00;2.7;0.0;20.2;70.7;0.0;2.1;4.3
2022-10-29;17:28:01;3.1;0.0;21.4;69.3;0.0;2.6;3.6
2022-10-29;17:28:02;2.6;0.0;20.6;70.9;0.0;2.1;3.7
2022-10-29;17:28:03;3.2;0.0;20.1;70.9;0.0;2.1;3.7
2022-10-29;17:28:04;2.1;0.0;22.3;69.4;0.0;2.6;3.6
2022-10-29;17:28:05;3.7;0.0;19.1;71.3;0.0;2.1;3.7
2022-10-29;17:28:06;2.1;0.0;23.2;69.1;0.0;2.1;3.6
2022-10-29;17:28:07;2.6;0.0;21.1;70.5;0.0;2.1;3.7
2022-10-29;17:28:08;1.6;0.0;18.5;73.4;0.0;2.2;4.3
2022-10-29;17:28:09;3.3;0.0;17.5;73.2;0.0;2.7;3.3
2022-10-29;17:28:10;4.6;0.0;21.4;67.9;0.0;2.0;4.1
2022-10-29;17:28:11;2.7;0.0;19.8;72.2;0.0;2.1;3.2
2022-10-29;17:28:12;7.5;0.5;22.4;63.7;0.0;2.0;4.0
2022-10-29;17:28:13;2.2;0.0;17.6;73.6;0.0;2.7;3.8
2022-10-29;17:28:14;2.2;0.0;19.6;72.3;0.0;2.2;3.8
2022-10-29;17:28:15;3.2;0.0;19.7;70.7;0.0;2.7;3.7
2022-10-29;17:28:16;3.1;0.0;22.1;68.7;0.0;2.1;4.1
2022-10-29;17:28:17;3.3;0.0;17.0;73.6;0.0;2.7;3.3
2022-10-29;17:28:18;3.6;0.0;21.0;69.2;0.0;2.1;4.1
2022-10-29;17:28:19;3.3;0.0;16.0;74.6;0.0;2.2;3.9
2022-10-29;17:28:20;1.6;0.0;20.4;71.5;0.0;2.2;4.3
2022-10-29;17:28:21;3.7;0.0;18.7;72.2;0.0;2.1;3.2
2022-10-29;17:28:22;5.1;0.0;20.5;67.7;0.0;2.6;4.1
2022-10-29;17:28:23;4.2;0.0;20.8;69.3;0.0;2.1;3.6
2022-10-29;17:28:24;2.2;0.0;18.0;73.2;0.0;2.7;3.8
2022-10-29;17:28:25;2.7;0.0;20.2;71.3;0.0;2.1;3.7
2022-10-29;17:28:26;1.6;0.0;20.0;71.9;0.0;2.7;3.8
2022-10-29;17:28:27;2.1;0.0;23.2;68.6;0.0;2.1;4.1
2022-10-29;17:28:28;2.6;0.0;21.6;69.1;0.0;2.6;4.1
2022-10-29;17:28:29;5.9;0.0;15.6;72.0;0.0;2.2;4.3
2022-10-29;17:28:30;2.9;0.0;13.3;76.9;0.0;2.3;4.6
2022-10-29;17:28:31;4.3;0.0;17.6;71.7;0.0;2.7;3.7
2022-10-29;17:28:32;3.2;0.0;20.1;70.9;0.0;2.1;3.7
2022-10-29;17:28:33;2.6;0.0;20.5;71.1;0.0;2.1;3.7
2022-10-29;17:28:34;4.1;0.0;20.6;68.6;0.0;2.6;4.1
2022-10-29;17:28:35;2.7;0.0;20.7;70.7;0.0;2.1;3.7
2022-10-29;17:28:36;2.7;0.0;20.3;71.1;0.0;2.1;3.7
2022-10-29;17:28:37;6.5;0.0;22.2;65.4;0.0;2.2;3.8
2022-10-29;17:28:38;3.7;0.0;18.1;71.8;0.0;2.1;4.3
2022-10-29;17:28:39;2.1;0.0;23.3;68.4;0.0;2.6;3.6
2022-10-29;17:28:40;2.6;0.0;22.4;69.4;0.0;2.0;3.6
2022-10-29;17:28:41;4.3;0.0;18.6;71.8;0.0;1.6;3.7
2022-10-29;17:28:42;6.0;1.5;20.6;65.8;0.0;2.5;3.5
2022-10-29;17:28:43;2.2;0.0;19.0;72.8;0.0;2.2;3.8
2022-10-29;17:28:44;2.1;0.0;21.9;69.8;0.0;2.6;3.6
2022-10-29;17:28:45;2.7;0.0;18.5;72.8;0.0;2.2;3.8
2022-10-29;17:28:46;3.0;0.0;22.3;68.0;0.0;2.5;4.1
2022-10-29;17:28:47;2.1;0.0;19.8;72.2;0.0;2.1;3.7
2022-10-29;17:28:48;5.1;0.0;22.2;67.2;0.0;2.0;3.5
2022-10-29;17:28:49;4.3;0.0;16.3;73.4;0.0;2.2;3.8
2022-10-29;17:28:50;3.1;0.0;21.8;69.4;0.0;2.1;3.6
2022-10-29;17:28:51;11.0;0.0;25.7;57.6;0.0;2.1;3.7
2022-10-29;17:28:52;3.8;0.0;18.4;71.9;0.0;2.2;3.8
2022-10-29;17:28:53;5.4;0.0;22.2;66.5;0.0;2.5;3.4
2022-10-29;17:28:54;2.1;0.0;20.7;70.7;0.0;2.7;3.7
2022-10-29;17:28:55;3.7;0.0;26.3;64.7;0.0;1.6;3.7
2022-10-29;17:28:56;4.1;0.0;21.0;68.7;0.0;2.1;4.1
2022-10-29;17:28:57;2.6;0.0;21.5;70.2;0.0;2.6;3.1
2022-10-29;17:28:58;2.5;0.0;25.0;66.5;0.0;2.0;4.0
2022-10-29;17:28:59;8.6;0.0;26.9;59.1;0.0;2.2;3.2
2022-10-29;17:29:00;5.1;0.0;20.4;68.4;0.0;2.0;4.1
2022-10-29;17:29:01;4.2;0.0;19.8;70.3;0.0;2.6;3.1
2022-10-29;17:29:02;2.0;0.0;24.6;67.8;0.0;2.0;3.5
2022-10-29;17:29:03;3.3;0.0;16.0;74.6;0.0;2.2;3.9
2022-10-29;17:29:04;4.1;0.0;20.7;68.9;0.0;2.6;3.6
2022-10-29;17:29:05;3.7;0.0;18.2;72.2;0.0;2.1;3.7
2022-10-29;17:29:06;5.0;0.0;21.5;67.5;0.0;2.0;4.0
2022-10-29;17:29:07;4.8;0.0;18.1;71.3;0.0;2.1;3.7
2022-10-29;17:29:08;5.2;0.0;18.8;70.2;0.0;2.1;3.7
2022-10-29;17:29:09;3.8;0.0;16.4;73.8;0.0;2.2;3.8
2022-10-29;17:29:10;3.5;0.0;22.2;68.2;0.0;2.0;4.0
2022-10-29;17:29:11;3.2;0.0;20.1;70.4;0.0;2.6;3.7
2022-10-29;17:29:12;7.3;0.0;25.1;62.3;0.0;1.6;3.7
2022-10-29;17:29:13;2.0;0.0;23.5;68.4;0.0;2.6;3.6
2022-10-29;17:29:14;3.7;0.0;18.2;72.2;0.0;2.1;3.7
2022-10-29;17:29:15;2.2;0.0;19.4;72.0;0.0;2.7;3.8
2022-10-29;17:29:16;2.1;0.0;20.3;71.1;0.0;2.1;4.3
2022-10-29;17:29:17;3.2;0.0;20.0;71.1;0.0;2.1;3.7
2022-10-29;17:29:18;2.1;0.0;23.0;69.1;0.0;2.1;3.7
2022-10-29;17:29:19;2.6;0.0;20.5;70.5;0.0;2.6;3.7
2022-10-29;17:29:20;3.1;0.0;20.3;70.3;0.0;2.1;4.2
2022-10-29;17:29:21;3.7;0.0;18.2;72.2;0.0;2.1;3.7
2022-10-29;17:29:22;1.6;0.0;22.0;70.7;0.0;2.1;3.7
2022-10-29;17:29:23;3.8;0.0;17.7;72.6;0.0;2.2;3.8
2022-10-29;17:29:24;4.1;0.0;20.1;70.1;0.0;2.1;3.6
2022-10-29;17:29:25;3.8;0.0;16.8;72.8;0.0;2.7;3.8
2022-10-29;17:29:26;3.1;0.0;22.6;68.7;0.0;2.1;3.6
2022-10-29;17:29:27;2.7;0.0;19.9;71.5;0.0;2.2;3.8
2022-10-29;17:29:28;3.2;0.0;18.7;71.7;0.0;2.7;3.7
2022-10-29;17:29:29;3.2;0.0;18.8;72.0;0.0;2.2;3.8
2022-10-29;17:29:30;4.2;0.0;18.4;71.6;0.0;2.1;3.7
2022-10-29;17:29:31;2.2;0.0;18.2;73.5;0.0;2.2;3.9
2022-10-29;17:29:32;3.7;0.0;18.2;71.1;0.0;2.7;4.3
2022-10-29;17:29:33;5.6;0.0;19.7;69.2;0.0;2.0;3.5
2022-10-29;17:29:34;3.7;0.0;19.7;70.7;0.0;2.1;3.7
2022-10-29;17:29:35;3.6;0.0;20.8;69.8;0.0;2.1;3.6
2022-10-29;17:29:36;3.2;0.0;19.6;71.4;0.0;2.1;3.7
2022-10-29;17:29:37;2.5;0.0;24.4;67.2;0.0;2.5;3.5
2022-10-29;17:29:38;3.7;0.0;20.0;70.5;0.0;2.1;3.7
2022-10-29;17:29:39;3.2;0.0;18.7;72.2;0.0;2.1;3.7
2022-10-29;17:29:40;2.6;0.0;23.0;68.4;0.0;2.0;4.1
2022-10-29;17:29:41;5.6;0.0;19.9;68.4;0.0;2.6;3.6
2022-10-29;17:29:42;3.6;0.0;24.0;66.8;0.0;2.0;3.6
2022-10-29;17:29:43;2.6;0.0;20.8;70.8;0.0;2.1;3.6
2022-10-29;17:29:44;5.3;0.0;16.5;71.8;0.0;2.1;4.3
2022-10-29;17:29:45;4.5;0.0;22.6;66.8;0.0;2.5;3.5
2022-10-29;17:29:46;4.4;0.0;24.9;65.4;0.0;2.0;3.4
2022-10-29;17:29:47;4.2;0.0;19.5;70.5;0.0;2.1;3.7
2022-10-29;17:29:48;2.6;0.0;20.0;70.5;0.0;2.6;4.2
2022-10-29;17:29:49;9.9;0.0;28.1;57.3;0.0;1.6;3.1
2022-10-29;17:29:50;1.6;0.0;18.1;73.1;0.0;2.7;4.4
2022-10-29;17:29:51;4.2;0.0;18.5;71.4;0.0;2.1;3.7
2022-10-29;17:29:52;3.1;0.0;21.4;69.8;0.0;2.1;3.6
2022-10-29;17:29:53;3.2;0.0;17.3;73.0;0.0;2.7;3.8
2022-10-29;17:29:54;3.7;0.0;20.4;69.6;0.0;2.1;4.2
2022-10-29;17:29:55;3.1;0.0;22.6;68.7;0.0;2.1;3.6
2022-10-29;17:29:56;3.3;0.0;16.6;74.0;0.0;2.2;3.9
2022-10-29;17:29:57;5.6;0.0;20.4;68.4;0.0;2.0;3.6
2022-10-29;17:29:58;3.7;0.0;19.0;71.4;0.0;2.1;3.7
2022-10-29;17:29:59;3.0;0.0;23.5;67.5;0.0;2.5;3.5
2022-10-29;17:30:00;8.7;0.0;16.8;71.4;0.0;1.0;2.0
2022-10-29;17:30:01;1.0;0.0;4.5;93.0;0.0;0.5;1.0
2022-10-29;17:30:02;0.0;0.0;2.1;96.4;0.0;0.5;1.0
2022-10-29;17:30:03;1.0;0.0;4.5;93.5;0.0;0.5;0.5
2022-10-29;17:30:04;2.9;0.0;3.4;91.7;0.0;0.5;1.5
2022-10-29;17:30:05;0.0;0.0;3.6;95.4;0.0;0.5;0.5
2022-10-29;17:30:06;0.5;0.0;2.1;95.9;0.0;0.5;1.0
2022-10-29;17:30:07;0.5;0.0;2.1;96.4;0.0;0.5;0.5
2022-10-29;17:30:08;0.0;0.0;2.6;95.9;0.0;0.5;1.0
2022-10-29;17:30:09;0.5;0.0;5.4;92.6;0.0;0.5;1.0
2022-10-29;17:30:10;0.5;0.0;5.5;92.5;0.0;0.5;1.0
2022-10-29;17:30:11;0.5;0.0;3.5;94.9;0.0;0.5;0.5
2022-10-29;17:30:12;1.0;1.5;6.0;90.0;0.0;0.5;1.0
2022-10-29;17:30:13;0.0;0.0;2.6;95.9;0.0;0.5;1.0
2022-10-29;17:30:14;0.0;0.0;2.1;96.4;0.0;0.5;1.0
2022-10-29;17:30:15;4.0;0.0;10.4;83.7;0.0;1.0;1.0
2022-10-29;17:30:16;0.0;0.0;3.1;95.4;0.0;0.5;1.0
2022-10-29;17:30:17;0.0;0.0;4.5;94.5;0.0;0.5;0.5
2022-10-29;17:30:18;0.0;0.0;4.0;94.9;0.0;0.0;1.0
2022-10-29;17:30:19;0.5;0.0;4.0;94.0;0.0;0.5;1.0
2022-10-29;17:30:20;0.5;0.0;3.5;94.0;0.0;1.0;1.0
2022-10-29;17:30:21;9.0;0.0;6.0;83.4;0.0;0.5;1.0
2022-10-29;17:30:22;0.5;0.0;13.7;81.6;0.0;1.6;2.6
2022-10-29;17:30:23;4.1;0.0;21.5;68.7;0.0;2.1;3.6
2022-10-29;17:30:24;3.7;0.0;19.3;71.1;0.0;2.1;3.7
2022-10-29;17:30:25;2.7;0.0;18.4;73.0;0.0;2.2;3.8
2022-10-29;17:30:26;3.5;0.0;23.5;66.5;0.0;2.5;4.0
2022-10-29;17:30:27;4.5;0.0;22.5;67.5;0.0;2.0;3.5
2022-10-29;17:30:28;6.0;0.0;28.5;59.5;0.0;2.0;4.0
2022-10-29;17:30:29;4.8;0.0;23.3;66.7;0.0;2.1;3.2
2022-10-29;17:30:30;3.0;0.0;23.9;67.0;0.0;2.0;4.1
2022-10-29;17:30:31;4.1;0.0;21.9;67.3;0.0;2.6;4.1
2022-10-29;17:30:32;5.6;0.0;24.5;64.3;0.0;2.0;3.6
2022-10-29;17:30:33;2.1;0.0;23.3;68.9;0.0;2.1;3.6
2022-10-29;17:30:34;3.7;0.0;19.0;70.9;0.0;2.1;4.2
2022-10-29;17:30:35;6.1;0.0;20.2;68.2;0.0;2.0;3.5
2022-10-29;17:30:36;4.4;0.0;24.1;65.0;0.0;2.5;3.9
2022-10-29;17:30:37;2.1;0.0;22.4;69.3;0.0;2.6;3.6
2022-10-29;17:30:38;4.9;0.0;24.0;65.7;0.0;2.0;3.4
2022-10-29;17:30:39;3.6;0.0;22.3;68.5;0.0;2.0;3.6
2022-10-29;17:30:40;4.1;0.0;20.9;68.4;0.0;2.6;4.1
2022-10-29;17:30:41;4.0;0.0;23.2;67.2;0.0;2.0;3.5
2022-10-29;17:30:42;4.5;0.0;23.7;66.2;0.0;2.0;3.5
2022-10-29;17:30:43;4.1;0.0;21.5;68.2;0.0;2.6;3.6
2022-10-29;17:30:44;2.5;0.0;24.9;66.7;0.0;2.0;4.0
2022-10-29;17:30:45;3.5;0.0;23.6;66.8;0.0;2.5;3.5
2022-10-29;17:30:46;4.9;0.0;19.1;69.4;0.0;2.2;4.4
2022-10-29;17:30:47;5.0;0.0;21.1;68.3;0.0;2.0;3.5
2022-10-29;17:30:48;4.6;0.0;21.0;68.7;0.0;2.1;3.6
2022-10-29;17:30:49;3.6;0.0;20.6;70.1;0.0;2.1;3.6
2022-10-29;17:30:50;10.6;0.0;28.8;54.5;0.0;2.0;4.0
2022-10-29;17:30:51;3.5;0.0;24.5;66.5;0.0;2.0;3.5
2022-10-29;17:30:52;4.7;0.0;19.8;69.8;0.0;2.1;3.6
2022-10-29;17:30:53;5.2;0.0;24.8;64.8;0.0;1.9;3.3
2022-10-29;17:30:54;4.0;0.0;23.8;66.3;0.0;2.0;4.0
2022-10-29;17:30:55;4.0;0.0;23.9;66.7;0.0;2.0;3.5
2022-10-29;17:30:56;2.4;0.0;25.9;65.4;0.0;2.4;3.9
2022-10-29;17:30:57;4.1;0.0;21.6;68.6;0.0;2.1;3.6
2022-10-29;17:30:58;4.1;0.0;20.5;68.7;0.0;2.6;4.1
2022-10-29;17:30:59;3.6;0.0;22.1;68.7;0.0;2.1;3.6
2022-10-29;17:31:00;3.6;0.0;22.2;68.0;0.0;2.1;4.1
2022-10-29;17:31:01;5.6;0.0;20.3;68.0;0.0;2.5;3.6
2022-10-29;17:31:02;1.5;0.0;25.5;67.3;0.0;2.0;3.6
2022-10-29;17:31:03;3.8;0.0;16.3;73.4;0.0;2.7;3.8
2022-10-29;17:31:04;6.6;0.0;19.9;67.3;0.0;2.0;4.1
2022-10-29;17:31:05;3.2;0.0;19.1;71.8;0.0;2.1;3.7
2022-10-29;17:31:06;3.5;0.0;23.1;67.3;0.0;2.0;4.0
2022-10-29;17:31:07;2.9;0.0;27.5;63.8;0.0;2.4;3.4
2022-10-29;17:31:08;5.6;0.0;21.7;66.7;0.0;2.0;4.0
2022-10-29;17:31:09;5.2;0.0;24.2;64.9;0.0;2.1;3.6
2022-10-29;17:31:10;2.5;0.0;24.1;66.8;0.0;2.5;4.0
2022-10-29;17:31:11;3.7;0.0;19.6;70.9;0.0;2.1;3.7
2022-10-29;17:31:12;4.1;0.0;22.8;66.3;0.0;2.6;4.1
2022-10-29;17:31:13;3.0;0.0;24.6;66.3;0.0;2.5;3.5
2022-10-29;17:31:14;2.2;0.0;20.0;71.9;0.0;2.2;3.8
2022-10-29;17:31:15;1.0;0.0;24.5;68.4;0.0;2.0;4.1
2022-10-29;17:31:16;5.6;0.0;21.0;66.7;0.0;2.6;4.1
2022-10-29;17:31:17;2.0;0.0;24.0;68.4;0.0;2.0;3.6
2022-10-29;17:31:18;7.0;0.0;28.5;58.5;0.0;2.5;3.5
2022-10-29;17:31:19;4.5;0.0;22.1;67.3;0.0;2.0;4.0
2022-10-29;17:31:20;3.6;0.0;23.4;67.0;0.0;2.5;3.6
2022-10-29;17:31:21;4.0;0.0;23.5;66.5;0.0;2.0;4.0
2022-10-29;17:31:22;3.7;0.0;20.4;69.6;0.0;2.6;3.7
2022-10-29;17:31:23;3.2;0.0;21.1;69.5;0.0;2.1;4.2
2022-10-29;17:31:24;3.2;0.0;18.6;71.3;0.0;2.7;4.3
2022-10-29;17:31:25;4.7;0.0;19.8;69.8;0.0;2.1;3.6
2022-10-29;17:31:26;3.8;0.0;17.9;71.7;0.0;2.2;4.3
2022-10-29;17:31:27;3.1;0.0;22.1;68.7;0.0;2.6;3.6
2022-10-29;17:31:28;3.0;0.0;25.0;66.0;0.0;2.5;3.5
2022-10-29;17:31:29;3.1;0.0;22.2;68.6;0.0;2.1;4.1
2022-10-29;17:31:30;2.5;0.0;25.0;66.5;0.0;2.5;3.5
2022-10-29;17:31:31;3.0;0.0;24.6;66.8;0.0;2.0;3.5
2022-10-29;17:31:32;2.6;0.0;21.5;69.1;0.0;2.6;4.2
2022-10-29;17:31:33;4.4;0.0;16.4;73.2;0.0;2.2;3.8
2022-10-29;17:31:34;4.1;0.0;22.4;66.8;0.0;2.6;4.1
2022-10-29;17:31:35;2.1;0.0;24.1;68.2;0.0;2.1;3.6
2022-10-29;17:31:36;3.6;0.0;21.8;67.9;0.0;2.6;4.1
2022-10-29;17:31:37;4.1;0.0;21.6;68.0;0.0;2.1;4.1
2022-10-29;17:31:38;1.1;0.0;23.3;69.8;0.0;2.1;3.7
2022-10-29;17:31:39;3.0;0.0;23.4;67.5;0.0;2.5;3.6
2022-10-29;17:31:40;2.1;0.0;21.3;70.2;0.0;2.1;4.3
2022-10-29;17:31:41;2.1;0.0;21.9;70.3;0.0;2.1;3.6
2022-10-29;17:31:42;4.7;0.0;21.9;66.7;0.0;2.6;4.2
2022-10-29;17:31:43;3.6;0.0;22.8;68.0;0.0;2.0;3.6
2022-10-29;17:31:44;1.5;0.0;24.4;67.5;0.0;2.5;4.1
2022-10-29;17:31:45;4.4;0.0;24.6;65.0;0.0;2.5;3.4
2022-10-29;17:31:46;2.6;0.0;23.6;67.7;0.0;2.1;4.1
2022-10-29;17:31:47;3.1;0.0;21.4;69.3;0.0;2.6;3.6
2022-10-29;17:31:48;3.1;0.0;23.1;67.2;0.0;2.6;4.1
2022-10-29;17:31:49;2.7;0.0;20.2;71.3;0.0;2.1;3.7
2022-10-29;17:31:50;4.1;0.0;21.6;68.0;0.0;2.6;3.6
2022-10-29;17:31:51;13.4;0.0;24.6;56.7;0.0;1.6;3.7
2022-10-29;17:31:52;2.1;0.0;21.6;69.5;0.0;2.6;4.2
2022-10-29;17:31:53;3.0;0.0;23.7;67.7;0.0;2.0;3.5
2022-10-29;17:31:54;4.0;0.0;23.0;66.5;0.0;2.5;4.0
2022-10-29;17:31:55;4.2;0.0;21.9;68.2;0.0;2.1;3.6
2022-10-29;17:31:56;4.6;0.0;20.6;68.0;0.0;2.6;4.1
2022-10-29;17:31:57;2.0;0.0;25.1;67.3;0.0;2.0;3.5
2022-10-29;17:31:58;2.7;0.0;18.6;71.6;0.0;2.7;4.4
2022-10-29;17:31:59;2.6;0.0;21.4;69.8;0.0;2.6;3.6
2022-10-29;17:32:00;2.6;0.0;24.1;67.2;0.0;2.1;4.1
2022-10-29;17:32:01;2.1;0.0;23.6;68.7;0.0;2.1;3.6
2022-10-29;17:32:02;3.7;0.0;20.9;69.1;0.0;2.6;3.7
2022-10-29;17:32:03;3.6;0.0;21.9;68.4;0.0;2.0;4.1
2022-10-29;17:32:04;3.3;0.0;18.5;71.7;0.0;2.7;3.8
2022-10-29;17:32:05;4.1;0.0;21.5;68.7;0.0;2.1;3.6
2022-10-29;17:32:06;3.1;0.0;20.9;69.1;0.0;2.6;4.2
2022-10-29;17:32:07;3.6;0.0;22.6;68.2;0.0;2.1;3.6
2022-10-29;17:32:08;4.2;0.0;20.3;69.3;0.0;2.1;4.2
2022-10-29;17:32:09;1.6;0.0;22.1;70.5;0.0;2.1;3.7
2022-10-29;17:32:10;1.5;0.0;26.1;65.8;0.0;2.5;4.0
2022-10-29;17:32:11;4.1;0.0;21.1;69.1;0.0;2.1;3.6
2022-10-29;17:32:12;3.6;0.5;24.4;65.5;0.0;2.0;4.1
2022-10-29;17:32:13;3.0;0.0;24.0;67.5;0.0;2.0;3.5
2022-10-29;17:32:14;1.6;0.0;21.9;70.1;0.0;2.7;3.7
2022-10-29;17:32:15;3.7;0.0;20.5;70.0;0.0;2.1;3.7
2022-10-29;17:32:16;3.5;0.0;23.2;66.7;0.0;2.5;4.0
2022-10-29;17:32:17;2.0;0.0;25.9;66.0;0.0;2.5;3.6
2022-10-29;17:32:18;3.8;0.0;18.0;71.0;0.0;2.2;4.9
2022-10-29;17:32:19;4.5;0.0;21.7;67.7;0.0;2.5;3.5
2022-10-29;17:32:20;5.7;0.0;19.3;68.8;0.0;2.1;4.2
2022-10-29;17:32:21;1.6;0.0;23.4;68.8;0.0;2.6;3.6
2022-10-29;17:32:22;4.1;0.0;22.1;67.2;0.0;2.6;4.1
2022-10-29;17:32:23;3.5;0.0;24.6;66.3;0.0;2.0;3.5
2022-10-29;17:32:24;5.0;0.0;30.2;59.3;0.0;2.0;3.5
2022-10-29;17:32:25;2.6;0.0;22.0;69.6;0.0;2.1;3.7
2022-10-29;17:32:26;5.1;0.0;20.4;67.9;0.0;2.6;4.1
2022-10-29;17:32:27;2.5;0.0;24.4;67.5;0.0;2.0;3.6
2022-10-29;17:32:28;3.6;0.0;23.0;67.3;0.0;2.0;4.1
2022-10-29;17:32:29;5.3;0.0;17.6;70.7;0.0;2.7;3.7
2022-10-29;17:32:30;3.6;0.0;22.8;67.0;0.0;2.5;4.1
2022-10-29;17:32:31;3.6;0.0;21.4;69.3;0.0;2.1;3.6
2022-10-29;17:32:32;2.6;0.0;23.2;68.0;0.0;2.1;4.1
2022-10-29;17:32:33;2.5;0.0;24.2;67.2;0.0;2.5;3.5
2022-10-29;17:32:34;4.2;0.0;21.5;68.1;0.0;2.1;4.2
2022-10-29;17:32:35;3.0;0.0;23.2;67.2;0.0;2.5;4.0
2022-10-29;17:32:36;3.1;0.0;23.6;67.2;0.0;2.1;4.1
2022-10-29;17:32:37;2.5;0.0;23.4;68.0;0.0;2.5;3.6
2022-10-29;17:32:38;2.0;0.0;25.0;66.8;0.0;2.6;3.6
2022-10-29;17:32:39;4.6;0.0;21.1;68.0;0.0;2.1;4.1
2022-10-29;17:32:40;2.6;0.0;24.0;66.8;0.0;2.6;4.1
2022-10-29;17:32:41;4.7;0.0;20.5;68.9;0.0;2.1;3.7
2022-10-29;17:32:42;3.2;1.1;20.0;68.6;0.0;2.7;4.3
2022-10-29;17:32:43;5.9;0.0;22.8;65.8;0.0;2.0;3.5
2022-10-29;17:32:44;2.6;0.0;23.1;67.7;0.0;2.6;4.1
2022-10-29;17:32:45;3.5;0.0;24.4;66.7;0.0;2.0;3.5
2022-10-29;17:32:46;4.7;0.0;20.3;68.8;0.0;2.1;4.2
2022-10-29;17:32:47;3.6;0.0;22.3;67.9;0.0;2.6;3.6
2022-10-29;17:32:48;4.2;0.0;20.0;69.5;0.0;2.1;4.2
2022-10-29;17:32:49;3.8;0.0;17.4;72.3;0.0;2.7;3.8
2022-10-29;17:32:50;5.6;0.0;21.3;67.0;0.0;2.0;4.1
2022-10-29;17:32:51;2.5;0.0;24.6;66.8;0.0;2.5;3.5
2022-10-29;17:32:52;4.0;0.0;24.3;65.8;0.0;2.0;4.0
2022-10-29;17:32:53;2.0;0.0;25.4;66.7;0.0;2.5;3.5
2022-10-29;17:32:54;2.6;0.0;23.0;68.1;0.0;2.1;4.2
2022-10-29;17:32:55;3.0;0.0;23.7;67.2;0.0;2.5;3.5
2022-10-29;17:32:56;3.6;0.0;21.8;68.4;0.0;2.1;4.1
2022-10-29;17:32:57;5.0;0.0;22.9;66.7;0.0;2.0;3.5
2022-10-29;17:32:58;2.6;0.0;23.1;68.2;0.0;2.6;3.6
2022-10-29;17:32:59;2.1;0.0;21.6;70.5;0.0;2.1;3.7
2022-10-29;17:33:00;2.1;0.0;22.0;69.6;0.0;2.1;4.2
2022-10-29;17:33:01;2.6;0.0;20.6;70.4;0.0;2.6;3.7
2022-10-29;17:33:02;2.0;0.0;27.3;64.4;0.0;2.4;3.9
2022-10-29;17:33:03;4.7;0.0;20.2;69.4;0.0;2.1;3.6
2022-10-29;17:33:04;3.6;0.0;22.4;67.3;0.0;2.6;4.1
2022-10-29;17:33:05;3.2;0.0;19.7;71.3;0.0;2.1;3.7
2022-10-29;17:33:06;4.0;0.0;24.3;65.8;0.0;2.0;4.0
2022-10-29;17:33:07;5.2;0.0;19.8;69.3;0.0;2.1;3.6
2022-10-29;17:33:08;4.6;0.0;20.6;68.6;0.0;2.6;3.6
2022-10-29;17:33:09;3.7;0.0;20.9;69.6;0.0;2.1;3.7
2022-10-29;17:33:10;4.8;0.0;18.0;70.4;0.0;2.6;4.2
2022-10-29;17:33:11;4.2;0.0;20.0;70.0;0.0;2.1;3.7
2022-10-29;17:33:12;5.2;0.0;21.5;66.5;0.0;2.6;4.2
2022-10-29;17:33:13;2.6;0.0;22.7;69.1;0.0;2.1;3.6
2022-10-29;17:33:14;4.6;0.0;20.9;67.9;0.0;2.6;4.1
2022-10-29;17:33:15;2.7;0.0;18.7;72.5;0.0;2.2;3.8
2022-10-29;17:33:16;3.2;0.0;18.4;71.4;0.0;2.7;4.3
2022-10-29;17:33:17;5.0;0.0;22.0;67.0;0.0;2.5;3.5
2022-10-29;17:33:18;4.6;0.0;22.1;67.2;0.0;2.1;4.1
2022-10-29;17:33:19;2.7;0.0;19.4;71.5;0.0;2.7;3.8
2022-10-29;17:33:20;3.7;0.0;20.1;69.8;0.0;2.1;4.2
2022-10-29;17:33:21;3.0;0.0;24.4;66.5;0.0;2.5;3.6
2022-10-29;17:33:22;6.7;0.0;5.7;86.1;0.0;0.5;1.0
2022-10-29;17:33:23;0.0;0.0;3.6;94.9;0.0;0.5;1.0
2022-10-29;17:33:24;0.5;0.0;3.0;95.4;0.0;0.5;0.5
2022-10-29;17:33:25;0.0;0.0;4.0;94.5;0.0;0.5;1.0
2022-10-29;17:33:26;0.5;0.0;2.6;95.4;0.0;0.5;1.0
2022-10-29;17:33:27;1.5;0.0;3.5;94.0;0.0;0.5;0.5
2022-10-29;17:33:28;0.0;0.0;4.0;94.5;0.0;0.5;1.0
2022-10-29;17:33:29;0.0;0.0;3.0;95.5;0.0;0.5;1.0
2022-10-29;17:33:30;0.0;0.0;3.6;95.4;0.0;0.5;0.5
2022-10-29;17:33:31;0.5;0.0;3.0;94.9;0.0;0.5;1.0
2022-10-29;17:33:32;0.5;0.0;3.5;94.4;0.0;0.5;1.0
2022-10-29;17:33:33;0.5;0.0;3.0;95.5;0.0;0.5;0.5
2022-10-29;17:33:34;0.0;0.0;3.0;94.9;0.0;0.5;1.5
2022-10-29;17:33:35;0.0;0.0;3.1;95.9;0.0;0.5;0.5
2022-10-29;17:33:36;0.0;0.0;3.6;94.9;0.0;0.5;1.0
2022-10-29;17:33:37;1.0;0.0;4.0;94.0;0.0;0.5;0.5
2022-10-29;17:33:38;0.0;0.0;3.0;95.4;0.0;0.5;1.0
2022-10-29;17:33:39;0.0;0.0;3.0;95.4;0.0;0.5;1.0
2022-10-29;17:33:40;0.0;0.0;3.1;95.4;0.0;0.5;1.0
2022-10-29;17:33:41;0.0;0.0;4.0;94.9;0.0;0.5;0.5
2022-10-29;17:33:42;3.1;1.5;8.7;84.6;0.0;0.5;1.5
2022-10-29;17:33:43;7.4;0.0;7.8;83.3;0.0;0.5;1.0
2022-10-29;17:33:44;3.6;0.0;20.3;70.3;0.0;2.1;3.6
2022-10-29;17:33:45;1.6;0.0;21.4;70.8;0.0;2.6;3.6
2022-10-29;17:33:46;2.1;0.0;21.2;70.4;0.0;2.1;4.2
2022-10-29;17:33:47;3.6;0.0;19.8;70.8;0.0;2.1;3.6
2022-10-29;17:33:48;3.6;0.0;22.4;67.9;0.0;2.6;3.6
2022-10-29;17:33:49;3.2;0.0;18.9;72.1;0.0;2.1;3.7
2022-10-29;17:33:50;4.3;0.0;17.6;72.2;0.0;2.1;3.7
2022-10-29;17:33:51;2.6;0.0;21.8;70.5;0.0;1.6;3.6
2022-10-29;17:33:52;4.2;0.0;19.8;69.8;0.0;2.1;4.2
2022-10-29;17:33:53;3.6;0.0;21.8;68.5;0.0;2.5;3.6
2022-10-29;17:33:54;4.0;0.0;23.6;66.8;0.0;2.0;3.5
2022-10-29;17:33:55;3.7;0.0;20.5;70.0;0.0;2.1;3.7
2022-10-29;17:33:56;2.6;0.0;22.4;68.9;0.0;2.6;3.6
2022-10-29;17:33:57;2.5;0.0;23.2;68.2;0.0;2.5;3.5
2022-10-29;17:33:58;3.8;0.0;18.8;71.0;0.0;2.2;4.3
2022-10-29;17:33:59;3.6;0.0;21.5;69.2;0.0;2.1;3.6
2022-10-29;17:34:00;2.5;0.0;24.0;67.5;0.0;2.5;3.5
2022-10-29;17:34:01;3.7;0.0;18.1;71.8;0.0;2.1;4.3
2022-10-29;17:34:02;3.1;0.0;21.2;69.9;0.0;2.1;3.6
2022-10-29;17:34:03;2.0;0.0;24.2;68.2;0.0;2.0;3.5
2022-10-29;17:34:04;3.6;0.0;21.8;69.0;0.0;2.0;3.6
2022-10-29;17:34:05;4.6;0.0;19.5;69.7;0.0;2.6;3.6
2022-10-29;17:34:06;3.7;0.0;18.2;72.2;0.0;2.1;3.7
2022-10-29;17:34:07;3.1;0.0;21.6;69.6;0.0;2.1;3.6
2022-10-29;17:34:08;3.7;0.0;19.6;70.4;0.0;2.6;3.7
2022-10-29;17:34:09;2.6;0.0;21.8;69.4;0.0;2.1;4.1
2022-10-29;17:34:10;4.7;0.0;20.7;68.9;0.0;2.1;3.6
2022-10-29;17:34:12;4.6;0.0;19.6;69.6;0.0;2.6;3.6
2022-10-29;17:34:13;4.3;1.1;16.8;71.2;0.0;2.2;4.3
2022-10-29;17:34:14;3.6;0.0;22.4;68.9;0.0;2.0;3.1
2022-10-29;17:34:15;3.1;0.0;21.6;69.6;0.0;2.1;3.6
2022-10-29;17:34:16;1.5;0.0;23.2;69.6;0.0;2.1;3.6
2022-10-29;17:34:17;3.6;0.0;22.4;67.9;0.0;2.0;4.1
2022-10-29;17:34:18;4.1;0.0;21.3;68.5;0.0;2.5;3.6
2022-10-29;17:34:19;3.7;0.0;20.5;70.0;0.0;2.1;3.7
2022-10-29;17:34:20;2.2;0.0;17.5;74.3;0.0;2.2;3.8
2022-10-29;17:34:21;2.7;0.0;18.9;71.9;0.0;2.2;4.3
2022-10-29;17:34:22;3.0;0.0;23.1;67.8;0.0;2.5;3.5
2022-10-29;17:34:23;2.1;0.0;22.6;69.7;0.0;2.1;3.6
2022-10-29;17:34:24;3.1;0.0;21.5;69.7;0.0;2.1;3.6
2022-10-29;17:34:25;4.4;0.0;23.6;66.5;0.0;2.0;3.4
2022-10-29;17:34:26;3.7;0.0;19.6;70.9;0.0;2.1;3.7
2022-10-29;17:34:27;2.6;0.0;21.6;69.6;0.0;2.1;4.1
2022-10-29;17:34:28;3.3;0.0;17.9;72.8;0.0;2.2;3.8
2022-10-29;17:34:29;2.7;0.0;19.8;71.7;0.0;2.1;3.7
2022-10-29;17:34:30;3.1;0.0;22.2;68.6;0.0;2.6;3.6
2022-10-29;17:34:31;3.4;0.0;23.6;67.5;0.0;2.0;3.4
2022-10-29;17:34:32;1.6;0.0;22.0;70.2;0.0;2.1;4.2
2022-10-29;17:34:33;3.5;0.0;24.4;66.7;0.0;2.0;3.5
2022-10-29;17:34:34;4.5;0.0;21.2;68.2;0.0;2.5;3.5
2022-10-29;17:34:35;2.6;0.0;23.1;68.7;0.0;2.1;3.6
2022-10-29;17:34:36;3.0;0.0;23.9;67.7;0.0;2.0;3.5
2022-10-29;17:34:37;4.6;0.0;20.6;68.6;0.0;2.1;4.1
2022-10-29;17:34:38;4.1;0.0;20.7;69.4;0.0;2.1;3.6
2022-10-29;17:34:39;3.5;0.0;24.3;65.8;0.0;2.5;4.0
2022-10-29;17:34:40;4.1;0.0;21.9;68.9;0.0;2.0;3.1
2022-10-29;17:34:41;4.0;0.0;22.2;67.7;0.0;2.0;4.0
2022-10-29;17:34:42;3.1;0.0;21.8;69.9;0.0;2.1;3.1
2022-10-29;17:34:43;3.2;1.6;18.3;69.9;0.0;2.7;4.3
2022-10-29;17:34:44;4.0;0.0;22.9;67.7;0.0;2.0;3.5
2022-10-29;17:34:45;2.5;0.0;26.6;65.5;0.0;2.0;3.4
2022-10-29;17:34:46;2.1;0.0;22.6;69.7;0.0;2.1;3.6
2022-10-29;17:34:47;1.5;0.0;26.0;66.5;0.0;2.5;3.5
2022-10-29;17:34:48;2.6;0.0;22.2;69.6;0.0;2.1;3.6
2022-10-29;17:34:49;4.6;0.0;21.8;67.5;0.0;2.5;3.6
2022-10-29;17:34:50;2.7;0.0;18.7;72.7;0.0;2.1;3.7
2022-10-29;17:34:51;4.5;0.0;22.1;67.3;0.0;2.0;4.0
2022-10-29;17:34:52;4.5;0.0;21.7;68.2;0.0;2.0;3.5
2022-10-29;17:34:53;3.1;0.0;21.6;69.1;0.0;2.6;3.6
2022-10-29;17:34:54;3.1;0.0;21.4;69.8;0.0;2.1;3.6
2022-10-29;17:34:55;4.0;0.0;23.9;66.7;0.0;2.0;3.5
2022-10-29;17:34:56;3.5;0.0;23.8;66.8;0.0;2.5;3.5
2022-10-29;17:34:57;3.0;0.0;23.4;67.5;0.0;2.0;4.1
2022-10-29;17:34:58;3.1;0.0;22.6;68.7;0.0;2.1;3.6
2022-10-29;17:34:59;6.2;0.0;23.9;64.6;0.0;1.9;3.3
2022-10-29;17:35:00;3.0;0.0;23.7;67.7;0.0;2.0;3.5
2022-10-29;17:35:01;3.7;0.0;19.1;70.7;0.0;2.7;3.7
2022-10-29;17:35:02;3.6;0.0;20.7;70.5;0.0;1.6;3.6
2022-10-29;17:35:03;3.1;0.0;21.9;68.9;0.0;2.6;3.6
2022-10-29;17:35:04;3.5;0.0;24.3;66.8;0.0;2.0;3.5
2022-10-29;17:35:05;3.2;0.0;19.1;71.8;0.0;2.1;3.7
2022-10-29;17:35:06;3.1;0.0;19.8;71.4;0.0;2.1;3.6
2022-10-29;17:35:07;2.6;0.0;20.1;71.4;0.0;2.1;3.7
2022-10-29;17:35:08;3.7;0.0;18.4;72.1;0.0;2.1;3.7
2022-10-29;17:35:09;4.5;0.0;21.2;67.7;0.0;2.5;4.0
2022-10-29;17:35:10;3.2;0.0;18.7;72.2;0.0;2.1;3.7
2022-10-29;17:35:11;2.5;0.0;25.1;66.5;0.0;2.0;3.9
2022-10-29;17:35:12;2.6;0.0;21.4;70.3;0.0;2.1;3.6
2022-10-29;17:35:13;6.0;0.0;16.4;71.0;0.0;2.7;3.8
2022-10-29;17:35:14;3.4;0.0;24.6;66.5;0.0;2.0;3.4
2022-10-29;17:35:15;3.0;0.0;23.6;67.8;0.0;2.0;3.5
2022-10-29;17:35:16;4.5;0.0;21.6;68.3;0.0;2.0;3.5
2022-10-29;17:35:17;2.0;0.0;25.0;66.5;0.0;2.5;4.0
2022-10-29;17:35:18;1.6;0.0;21.6;71.1;0.0;2.1;3.7
2022-10-29;17:35:19;2.1;0.0;20.6;71.4;0.0;2.1;3.7
2022-10-29;17:35:20;6.0;0.0;21.0;67.0;0.0;2.5;3.5
2022-10-29;17:35:21;5.9;0.0;16.1;72.0;0.0;2.2;3.8
2022-10-29;17:35:22;3.5;0.0;23.1;67.8;0.0;2.0;3.5
2022-10-29;17:35:23;4.2;0.0;19.5;70.0;0.0;2.6;3.7
2022-10-29;17:35:24;4.2;0.0;18.4;71.6;0.0;2.1;3.7
2022-10-29;17:35:25;1.5;0.0;23.1;69.2;0.0;2.1;4.1
2022-10-29;17:35:26;2.9;0.0;26.4;65.9;0.0;1.9;2.9
2022-10-29;17:35:27;4.5;0.0;22.6;66.8;0.0;2.5;3.5
2022-10-29;17:35:28;3.6;0.0;21.9;68.9;0.0;2.0;3.6
2022-10-29;17:35:29;2.6;0.0;22.1;69.2;0.0;2.1;4.1
2022-10-29;17:35:30;2.6;0.0;23.5;68.4;0.0;2.0;3.6
2022-10-29;17:35:31;3.7;0.0;18.1;71.8;0.0;2.7;3.7
2022-10-29;17:35:32;4.2;0.0;18.8;71.4;0.0;2.1;3.6
2022-10-29;17:35:33;3.8;0.0;25.5;64.9;0.0;1.9;3.8
2022-10-29;17:35:34;5.0;0.0;22.5;67.5;0.0;2.0;3.0
2022-10-29;17:35:35;2.0;0.0;22.4;69.4;0.0;2.0;4.1
2022-10-29;17:35:36;4.4;0.0;24.5;66.2;0.0;2.0;2.9
2022-10-29;17:35:37;1.6;0.0;20.7;70.7;0.0;2.7;4.3
2022-10-29;17:35:38;3.7;0.0;19.5;71.1;0.0;2.1;3.7
2022-10-29;17:35:39;3.0;0.0;22.8;68.0;0.0;2.5;3.6
2022-10-29;17:35:40;1.5;0.0;23.9;69.0;0.0;2.0;3.6
2022-10-29;17:35:41;2.0;0.0;26.2;66.3;0.0;2.0;3.5
2022-10-29;17:35:42;2.6;0.0;22.7;69.1;0.0;2.1;3.6
2022-10-29;17:35:43;7.0;1.0;20.6;65.3;0.0;2.5;3.5
2022-10-29;17:35:44;2.1;0.0;18.7;73.3;0.0;2.1;3.7
2022-10-29;17:35:45;2.6;0.0;21.1;70.5;0.0;2.1;3.7
2022-10-29;17:35:46;4.0;0.0;22.7;67.2;0.0;2.5;3.5
2022-10-29;17:35:47;2.1;0.0;21.1;70.5;0.0;2.1;4.2
2022-10-29;17:35:48;3.0;0.0;24.6;67.0;0.0;2.0;3.4
2022-10-29;17:35:49;3.0;0.0;24.2;67.2;0.0;2.0;3.5
2022-10-29;17:35:50;3.5;0.0;23.0;67.5;0.0;2.5;3.5
2022-10-29;17:35:51;2.2;0.0;18.4;73.0;0.0;2.2;4.3
2022-10-29;17:35:52;2.6;0.0;22.6;69.2;0.0;2.1;3.6
2022-10-29;17:35:53;3.1;0.0;21.5;69.2;0.0;2.1;4.1
2022-10-29;17:35:54;3.0;0.0;23.2;68.2;0.0;2.5;3.0
2022-10-29;17:35:55;3.0;0.0;22.7;68.2;0.0;2.0;4.0
2022-10-29;17:35:56;3.1;0.0;21.6;69.6;0.0;2.1;3.6
2022-10-29;17:35:57;3.1;0.0;22.1;69.2;0.0;2.1;3.6
2022-10-29;17:35:58;2.1;0.0;22.6;69.7;0.0;2.1;3.6
2022-10-29;17:35:59;2.6;0.0;22.2;68.6;0.0;2.6;4.1
2022-10-29;17:36:00;3.6;0.0;22.6;68.7;0.0;2.1;3.1
2022-10-29;17:36:01;3.0;0.0;23.2;67.7;0.0;2.0;4.0
2022-10-29;17:36:02;2.0;0.0;23.0;68.9;0.0;2.6;3.6
2022-10-29;17:36:03;4.2;0.0;19.0;70.9;0.0;2.1;3.7
2022-10-29;17:36:04;5.1;0.0;21.3;68.0;0.0;2.0;3.6
2022-10-29;17:36:05;2.5;0.0;23.4;68.0;0.0;2.0;4.1
2022-10-29;17:36:06;3.0;0.0;21.8;69.5;0.0;2.5;3.0
2022-10-29;17:36:07;6.1;0.0;20.3;68.0;0.0;2.0;3.6
2022-10-29;17:36:08;4.1;0.0;20.1;70.1;0.0;2.1;3.6
2022-10-29;17:36:09;3.6;0.0;21.2;69.4;0.0;2.1;3.6
2022-10-29;17:36:10;4.5;0.0;23.0;66.5;0.0;2.5;3.5
2022-10-29;17:36:11;3.6;0.0;22.4;67.9;0.0;2.0;4.1
2022-10-29;17:36:12;2.0;0.0;25.5;66.5;0.0;2.5;3.5
2022-10-29;17:36:13;2.1;1.0;23.3;67.9;0.0;2.1;3.6
2022-10-29;17:36:14;5.4;0.0;15.2;73.4;0.0;2.2;3.8
2022-10-29;17:36:15;4.4;0.0;23.0;67.2;0.0;2.0;3.4
2022-10-29;17:36:16;2.1;0.0;22.4;69.8;0.0;2.1;3.6
2022-10-29;17:36:17;3.9;0.0;25.1;64.7;0.0;2.4;3.9
2022-10-29;17:36:18;2.0;0.0;26.3;66.3;0.0;2.0;3.4
2022-10-29;17:36:19;1.6;0.0;21.0;71.5;0.0;2.2;3.8
2022-10-29;17:36:20;4.6;0.0;21.4;68.4;0.0;2.0;3.6
2022-10-29;17:36:21;2.9;0.0;25.9;64.9;0.0;2.4;3.9
2022-10-29;17:36:22;3.6;0.0;20.8;70.3;0.0;2.1;3.1
2022-10-29;17:36:23;4.3;0.0;26.7;63.8;0.0;1.9;3.3
2022-10-29;17:36:24;2.5;0.0;21.8;69.5;0.0;2.5;3.6
2022-10-29;17:36:25;5.5;0.0;21.5;67.0;0.0;2.0;4.0
2022-10-29;17:36:26;3.2;0.0;20.0;71.6;0.0;2.1;3.2
2022-10-29;17:36:27;1.6;0.0;21.8;70.5;0.0;2.1;4.1
2022-10-29;17:36:28;4.3;0.0;17.6;72.3;0.0;2.1;3.7
2022-10-29;17:36:29;3.7;0.0;18.7;71.7;0.0;2.1;3.7
2022-10-29;17:36:30;3.1;0.0;21.5;69.7;0.0;2.1;3.6
2022-10-29;17:36:31;3.6;0.0;21.9;68.9;0.0;2.0;3.6
2022-10-29;17:36:32;3.6;0.0;20.6;69.6;0.0;2.6;3.6
2022-10-29;17:36:33;4.0;0.0;22.9;67.2;0.0;2.0;4.0
2022-10-29;17:36:34;2.7;0.0;19.9;72.0;0.0;2.2;3.2
2022-10-29;17:36:35;5.0;0.0;22.8;65.8;0.0;2.5;4.0
2022-10-29;17:36:36;4.0;0.0;22.1;68.3;0.0;2.0;3.5
2022-10-29;17:36:37;5.0;0.0;23.4;65.7;0.0;2.5;3.5
2022-10-29;17:36:38;2.6;0.0;21.2;70.5;0.0;2.1;3.6
2022-10-29;17:36:39;2.1;0.0;22.3;69.9;0.0;2.1;3.6
2022-10-29;17:36:40;3.0;0.0;22.2;68.7;0.0;2.5;3.5
2022-10-29;17:36:41;3.5;0.0;23.6;67.3;0.0;2.0;3.5
2022-10-29;17:36:42;3.6;0.0;21.8;68.5;0.0;2.5;3.6
2022-10-29;17:36:43;5.4;1.5;22.3;64.9;0.0;2.0;4.0
2022-10-29;17:36:44;5.5;0.0;18.0;72.0;0.0;1.5;3.0
2022-10-29;17:36:45;4.6;0.0;4.1;89.7;0.0;0.5;1.0
2022-10-29;17:36:46;1.0;0.0;4.0;94.0;0.0;0.5;0.5
2022-10-29;17:36:47;0.0;0.0;2.1;96.4;0.0;0.5;1.0
2022-10-29;17:36:48;0.0;0.0;3.5;94.9;0.0;0.5;1.0
2022-10-29;17:36:49;0.0;0.0;1.6;96.9;0.0;0.5;1.0
2022-10-29;17:36:50;0.5;0.0;5.0;93.5;0.0;0.5;0.5
2022-10-29;17:36:51;0.5;0.0;5.0;93.0;0.0;0.5;1.0
2022-10-29;17:36:52;0.5;0.0;4.0;94.0;0.0;0.5;1.0
2022-10-29;17:36:53;2.5;0.0;3.5;92.5;0.0;0.5;1.0
2022-10-29;17:36:54;0.0;0.0;2.6;95.9;0.0;0.5;1.0
2022-10-29;17:36:55;0.0;0.0;5.5;93.0;0.0;0.5;1.0
2022-10-29;17:36:56;0.0;0.0;5.0;94.0;0.0;0.5;0.5
2022-10-29;17:36:57;0.0;0.0;5.0;93.5;0.0;0.5;1.0
2022-10-29;17:36:58;0.5;0.0;4.0;94.0;0.0;0.5;1.0
2022-10-29;17:36:59;0.5;0.0;3.5;94.0;0.0;1.0;1.0
2022-10-29;17:37:00;0.5;0.0;1.5;96.9;0.0;0.5;0.5
2022-10-29;17:37:01;0.5;0.0;4.0;94.0;0.0;0.5;1.0
2022-10-29;17:37:02;0.0;0.0;4.1;94.9;0.0;0.5;0.5
2022-10-29;17:37:03;0.0;0.0;3.1;95.4;0.0;0.5;1.0
2022-10-29;17:37:04;0.0;0.0;3.5;95.0;0.0;0.5;1.0
2022-10-29;17:37:05;6.6;0.0;7.7;83.7;0.0;0.5;1.5
2022-10-29;17:37:06;4.1;0.0;8.2;85.2;0.0;1.0;1.5
2022-10-29;17:37:07;4.7;0.0;19.4;69.6;0.0;2.1;4.2
2022-10-29;17:37:08;3.5;0.0;23.8;67.3;0.0;2.0;3.5
2022-10-29;17:37:09;3.6;0.0;21.5;68.7;0.0;2.6;3.6
2022-10-29;17:37:10;1.1;0.0;21.3;71.8;0.0;2.1;3.7
2022-10-29;17:37:11;2.0;0.0;23.0;68.9;0.0;2.0;4.1
2022-10-29;17:37:12;4.5;0.0;23.5;66.0;0.0;2.5;3.5
2022-10-29;17:37:13;5.3;1.6;19.0;68.3;0.0;2.1;3.7
2022-10-29;17:37:14;2.6;0.0;23.0;68.9;0.0;2.0;3.6
2022-10-29;17:37:15;3.1;0.0;22.4;68.4;0.0;2.0;4.1
2022-10-29;17:37:16;2.0;0.0;23.9;68.5;0.0;2.0;3.6
2022-10-29;17:37:17;4.1;0.0;22.4;67.9;0.0;2.0;3.6
2022-10-29;17:37:18;2.2;0.0;18.9;72.4;0.0;2.7;3.8
2022-10-29;17:37:19;3.5;0.0;22.7;67.7;0.0;2.0;4.0
2022-10-29;17:37:20;3.5;0.0;24.3;66.3;0.0;2.5;3.5
2022-10-29;17:37:21;2.6;0.0;21.6;69.6;0.0;2.1;4.1
2022-10-29;17:37:22;3.8;0.0;26.3;64.6;0.0;1.9;3.3
2022-10-29;17:37:23;3.1;0.0;22.3;68.9;0.0;2.1;3.6
2022-10-29;17:37:24;2.6;0.0;24.0;67.9;0.0;2.0;3.6
2022-10-29;17:37:25;5.3;0.0;24.6;63.8;0.0;2.4;3.9
2022-10-29;17:37:26;3.7;0.0;19.9;70.7;0.0;2.1;3.7
2022-10-29;17:37:27;5.4;0.0;22.7;65.5;0.0;2.5;3.9
2022-10-29;17:37:28;3.5;0.0;25.7;65.3;0.0;2.0;3.5
2022-10-29;17:37:29;2.6;0.0;23.1;68.2;0.0;2.6;3.6
2022-10-29;17:37:30;3.4;0.0;24.6;66.5;0.0;2.0;3.4
2022-10-29;17:37:31;4.0;0.0;23.1;66.8;0.0;2.0;4.0
2022-10-29;17:37:32;3.6;0.0;20.7;69.4;0.0;2.6;3.6
2022-10-29;17:37:33;3.5;0.0;23.1;67.3;0.0;2.0;4.0
2022-10-29;17:37:34;3.7;0.0;19.0;71.4;0.0;2.1;3.7
2022-10-29;17:37:35;3.9;0.0;24.6;65.5;0.0;2.0;3.9
2022-10-29;17:37:36;4.9;0.0;23.6;66.0;0.0;2.0;3.4
2022-10-29;17:37:37;3.1;0.0;21.8;68.9;0.0;2.6;3.6
2022-10-29;17:37:38;5.6;0.0;20.7;67.7;0.0;2.0;4.0
2022-10-29;17:37:39;6.7;0.0;18.5;69.2;0.0;2.1;3.6
2022-10-29;17:37:40;4.0;0.0;23.0;67.5;0.0;2.0;3.5
2022-10-29;17:37:41;1.5;0.0;24.5;67.9;0.0;2.6;3.6
2022-10-29;17:37:42;2.6;0.0;22.8;68.9;0.0;2.1;3.6
2022-10-29;17:37:43;6.6;1.1;14.8;70.9;0.0;2.2;4.4
2022-10-29;17:37:44;4.9;0.0;23.4;65.9;0.0;2.4;3.4
2022-10-29;17:37:45;5.5;0.0;22.1;66.8;0.0;2.0;3.5
2022-10-29;17:37:46;3.1;0.0;20.4;70.2;0.0;2.1;4.2
2022-10-29;17:37:47;4.0;0.0;23.5;67.0;0.0;2.0;3.5
2022-10-29;17:37:48;4.6;0.0;20.9;67.9;0.0;2.6;4.1
2022-10-29;17:37:49;3.6;0.0;20.3;69.8;0.0;2.1;4.2
2022-10-29;17:37:50;2.0;0.0;24.7;67.7;0.0;2.0;3.5
2022-10-29;17:37:51;5.8;0.0;18.9;69.5;0.0;2.1;3.7
2022-10-29;17:37:52;4.1;0.0;20.9;69.4;0.0;2.0;3.6
2022-10-29;17:37:53;2.9;0.0;26.8;64.1;0.0;2.4;3.8
2022-10-29;17:37:54;4.1;0.0;20.6;69.6;0.0;2.1;3.6
2022-10-29;17:37:55;4.1;0.0;21.4;68.4;0.0;2.0;4.1
2022-10-29;17:37:56;3.6;0.0;21.4;69.3;0.0;2.1;3.6
2022-10-29;17:37:57;4.4;0.0;23.6;66.0;0.0;2.5;3.4
2022-10-29;17:37:58;2.5;0.0;24.4;67.5;0.0;2.0;3.6
2022-10-29;17:37:59;3.2;0.0;20.1;69.8;0.0;2.6;4.2
2022-10-29;17:38:00;3.1;0.0;22.3;68.9;0.0;2.1;3.6
2022-10-29;17:38:01;3.1;0.0;22.0;68.6;0.0;2.1;4.2
2022-10-29;17:38:02;3.7;0.0;19.8;70.1;0.0;2.7;3.7
2022-10-29;17:38:03;4.0;0.0;22.7;66.7;0.0;2.0;4.5
2022-10-29;17:38:04;4.1;0.0;22.3;67.5;0.0;2.5;3.6
2022-10-29;17:38:05;4.3;0.0;27.1;62.4;0.0;2.4;3.8
2022-10-29;17:38:06;4.0;0.0;24.9;65.7;0.0;2.0;3.5
2022-10-29;17:38:07;5.5;0.0;22.1;65.8;0.0;2.5;4.0
2022-10-29;17:38:08;3.6;0.0;24.1;66.7;0.0;2.1;3.6
2022-10-29;17:38:09;4.6;0.0;22.8;66.0;0.0;2.5;4.1
2022-10-29;17:38:10;4.0;0.0;23.4;66.7;0.0;2.0;4.0
2022-10-29;17:38:11;5.5;0.0;24.9;64.2;0.0;2.0;3.5
2022-10-29;17:38:12;3.6;0.0;21.6;68.6;0.0;2.6;3.6
2022-10-29;17:38:13;7.8;1.0;23.3;62.1;0.0;1.9;3.9
2022-10-29;17:38:14;4.1;0.0;22.2;68.0;0.0;2.1;3.6
2022-10-29;17:38:15;5.2;0.0;20.6;68.0;0.0;2.1;4.1
2022-10-29;17:38:16;3.1;0.0;23.6;67.2;0.0;2.6;3.6
2022-10-29;17:38:17;4.2;0.0;27.4;62.7;0.0;1.9;3.8
2022-10-29;17:38:18;2.7;0.0;20.9;70.6;0.0;2.1;3.7
2022-10-29;17:38:19;4.5;0.0;22.6;66.8;0.0;2.0;4.0
2022-10-29;17:38:20;4.1;0.0;21.1;68.6;0.0;2.6;3.6
2022-10-29;17:38:21;3.4;0.0;26.7;64.1;0.0;1.9;3.9
2022-10-29;17:38:22;3.9;0.0;24.6;66.0;0.0;2.0;3.4
2022-10-29;17:38:23;2.9;0.0;26.7;64.1;0.0;2.4;3.9
2022-10-29;17:38:24;2.5;0.0;27.1;65.0;0.0;2.0;3.4
2022-10-29;17:38:25;4.2;0.0;20.1;69.8;0.0;2.1;3.7
2022-10-29;17:38:26;4.5;0.0;22.7;66.7;0.0;2.5;3.5
2022-10-29;17:38:27;3.6;0.0;23.4;67.0;0.0;2.0;4.1
2022-10-29;17:38:28;3.7;0.0;19.5;70.5;0.0;2.6;3.7
2022-10-29;17:38:29;4.2;0.0;21.9;68.2;0.0;2.1;3.6
2022-10-29;17:38:30;3.1;0.0;21.5;69.1;0.0;2.6;3.7
2022-10-29;17:38:31;4.6;0.0;20.6;68.6;0.0;2.1;4.1
2022-10-29;17:38:32;3.0;0.0;25.9;65.2;0.0;2.5;3.5
2022-10-29;17:38:33;4.6;0.0;21.0;68.2;0.0;2.1;4.1
2022-10-29;17:38:34;4.0;0.0;24.8;65.8;0.0;2.0;3.5
2022-10-29;17:38:35;3.4;0.0;25.1;65.0;0.0;2.5;3.9
2022-10-29;17:38:36;6.4;0.0;23.8;64.4;0.0;2.0;3.5
2022-10-29;17:38:37;3.2;0.0;19.8;71.1;0.0;2.1;3.7
2022-10-29;17:38:38;5.7;0.0;19.7;68.4;0.0;2.1;4.1
2022-10-29;17:38:39;4.5;0.0;24.4;65.2;0.0;2.5;3.5
2022-10-29;17:38:40;3.6;0.0;23.5;67.3;0.0;2.0;3.6
2022-10-29;17:38:41;3.6;0.0;21.4;68.8;0.0;2.1;4.2
2022-10-29;17:38:42;4.1;0.0;21.2;68.4;0.0;2.6;3.6
2022-10-29;17:38:43;3.7;0.5;23.0;66.5;0.0;2.1;4.2
2022-10-29;17:38:44;2.5;0.0;24.6;67.3;0.0;2.0;3.5
2022-10-29;17:38:45;2.1;0.0;22.5;68.6;0.0;2.6;4.2
2022-10-29;17:38:46;3.0;0.0;24.2;67.2;0.0;2.0;3.5
2022-10-29;17:38:47;3.6;0.0;22.6;67.7;0.0;2.1;4.1
2022-10-29;17:38:48;6.6;0.0;21.7;66.2;0.0;2.0;3.5
2022-10-29;17:38:49;5.1;0.0;20.3;68.0;0.0;2.5;4.1
2022-10-29;17:38:50;2.7;0.0;21.4;70.1;0.0;2.1;3.7
2022-10-29;17:38:51;3.2;0.0;19.3;71.1;0.0;2.1;4.3
2022-10-29;17:38:52;4.7;0.0;21.2;67.9;0.0;2.6;3.6
2022-10-29;17:38:53;5.6;0.0;22.7;66.2;0.0;2.0;3.5
2022-10-29;17:38:54;5.0;0.0;23.8;65.3;0.0;2.5;3.5
2022-10-29;17:38:55;5.3;0.0;25.1;63.8;0.0;1.9;3.9
2022-10-29;17:38:56;3.0;0.0;25.1;66.3;0.0;2.0;3.5
2022-10-29;17:38:57;4.1;0.0;22.8;66.5;0.0;2.0;4.6
2022-10-29;17:38:58;3.0;0.0;24.6;66.3;0.0;2.5;3.5
2022-10-29;17:38:59;6.1;0.0;20.9;66.8;0.0;2.0;4.1
2022-10-29;17:39:00;4.1;0.0;22.6;67.7;0.0;2.1;3.6
2022-10-29;17:39:01;4.1;0.0;22.4;66.3;0.0;2.6;4.6
2022-10-29;17:39:02;4.5;0.0;22.7;66.7;0.0;2.5;3.5
2022-10-29;17:39:03;2.5;0.0;25.5;66.5;0.0;2.0;3.5
2022-10-29;17:39:04;4.6;0.0;21.5;67.7;0.0;2.1;4.1
2022-10-29;17:39:05;3.0;0.0;25.6;64.8;0.0;2.5;4.0
2022-10-29;17:39:06;2.0;0.0;27.6;65.0;0.0;2.0;3.4
2022-10-29;17:39:07;4.0;0.0;23.7;66.2;0.0;2.5;3.5
2022-10-29;17:39:08;3.7;0.0;21.6;68.4;0.0;2.1;4.2
2022-10-29;17:39:09;4.5;0.0;23.5;66.5;0.0;2.0;3.5
2022-10-29;17:39:10;3.0;0.0;25.6;65.0;0.0;2.5;3.9
2022-10-29;17:39:11;3.6;0.0;24.0;66.8;0.0;2.0;3.6
2022-10-29;17:39:12;4.8;0.0;26.0;63.5;0.0;2.4;3.4
2022-10-29;17:39:13;5.2;0.9;27.5;60.7;0.0;1.9;3.8
2022-10-29;17:39:14;4.2;0.0;20.8;69.3;0.0;2.1;3.6
2022-10-29;17:39:15;1.6;0.0;23.8;68.4;0.0;2.1;4.1
2022-10-29;17:39:16;3.0;0.0;24.7;66.2;0.0;2.5;3.5
2022-10-29;17:39:17;4.7;0.0;21.2;67.9;0.0;2.1;4.1
2022-10-29;17:39:18;3.1;0.0;23.5;67.3;0.0;2.6;3.6
2022-10-29;17:39:19;5.1;0.0;22.2;66.7;0.0;2.5;3.5
2022-10-29;17:39:20;4.0;0.0;24.0;66.0;0.0;2.0;4.0
2022-10-29;17:39:21;4.0;0.0;23.2;66.2;0.0;2.5;4.0
2022-10-29;17:39:22;5.6;0.0;21.3;67.5;0.0;2.0;3.6
2022-10-29;17:39:23;3.0;0.0;26.0;65.0;0.0;2.0;4.0
2022-10-29;17:39:24;3.9;0.0;24.6;65.5;0.0;2.5;3.4
2022-10-29;17:39:25;4.8;0.0;19.1;69.7;0.0;2.1;4.3
2022-10-29;17:39:26;5.1;0.0;22.3;67.0;0.0;2.0;3.6
2022-10-29;17:39:27;5.0;0.0;22.8;65.8;0.0;2.5;4.0
2022-10-29;17:39:28;4.9;0.0;24.9;64.9;0.0;2.0;3.4
2022-10-29;17:39:29;2.1;0.0;25.1;66.7;0.0;2.1;4.1
2022-10-29;17:39:30;3.7;0.0;20.1;69.8;0.0;2.6;3.7
2022-10-29;17:39:31;4.5;0.0;23.1;66.3;0.0;2.0;4.0
2022-10-29;17:39:32;4.7;0.0;21.8;67.9;0.0;2.1;3.6
2022-10-29;17:39:33;3.4;0.0;26.5;64.2;0.0;2.0;3.9
2022-10-29;17:39:34;3.2;0.0;19.6;70.9;0.0;2.6;3.7
2022-10-29;17:39:35;3.6;0.0;22.3;67.9;0.0;2.1;4.1
2022-10-29;17:39:36;5.2;0.0;20.7;68.4;0.0;2.1;3.6
2022-10-29;17:39:37;4.6;0.0;21.9;66.8;0.0;2.6;4.1
2022-10-29;17:39:38;3.4;0.0;27.0;64.2;0.0;2.0;3.4
2022-10-29;17:39:39;4.5;0.0;23.9;65.7;0.0;2.5;3.5
2022-10-29;17:39:40;4.4;0.0;25.1;64.5;0.0;2.0;3.9
2022-10-29;17:39:41;4.0;0.0;24.5;65.5;0.0;2.5;3.5
2022-10-29;17:39:42;3.6;0.0;22.8;67.9;0.0;2.1;3.6
2022-10-29;17:39:43;5.3;0.0;20.1;68.3;0.0;2.1;4.2
2022-10-29;17:39:44;3.5;0.0;24.5;66.0;0.0;2.5;3.5
2022-10-29;17:39:45;3.5;0.0;25.4;65.2;0.0;2.0;4.0
2022-10-29;17:39:46;2.6;0.0;22.1;68.9;0.0;2.6;3.7
2022-10-29;17:39:47;5.4;0.0;24.5;63.7;0.0;2.5;3.9
2022-10-29;17:39:48;3.2;0.0;20.4;70.4;0.0;2.2;3.8
2022-10-29;17:39:49;4.6;0.0;21.5;67.2;0.0;2.6;4.1
2022-10-29;17:39:50;4.2;0.0;21.9;67.7;0.0;2.1;4.2
2022-10-29;17:39:51;3.6;0.0;23.4;66.5;0.0;2.5;4.1
2022-10-29;17:39:52;6.1;0.0;21